DATE,UNE,SUBMARCA,CATEGORIA,RATE_CATEGORY_MODA
2020-1-01,BOLSO,CLOEAGATHARUIZDELAPRADA,moda,0.92
2020-1-01,BOLSO,CLOEAGATHARUIZDELAPRADA,basico,0.08
2020-1-01,BOLSO,CLOESPORT,moda,0.92
2020-1-01,BOLSO,CLOESPORT,basico,0.08
2020-1-01,BOLSO,CLOEUOMO,moda,0.92
2020-1-01,BOLSO,CLOEUOMO,basico,0.08
2020-1-01,BOLSO,CLOELEATHER,moda,0.92
2020-1-01,BOLSO,CLOELEATHER,basico,0.08
2020-1-01,BOLSO,CLOE,moda,0.92
2020-1-01,BOLSO,CLOE,basico,0.08
2020-2-01,BOLSO,CLOEAGATHARUIZDELAPRADA,moda,0.92
2020-2-01,BOLSO,CLOEAGATHARUIZDELAPRADA,basico,0.08
2020-2-01,BOLSO,CLOESPORT,moda,0.92
2020-2-01,BOLSO,CLOESPORT,basico,0.08
2020-2-01,BOLSO,CLOEUOMO,moda,0.92
2020-2-01,BOLSO,CLOEUOMO,basico,0.08
2020-2-01,BOLSO,CLOELEATHER,moda,0.92
2020-2-01,BOLSO,CLOELEATHER,basico,0.08
2020-2-01,BOLSO,CLOE,moda,0.92
2020-2-01,BOLSO,CLOE,basico,0.08
2020-3-01,BOLSO,CLOEAGATHARUIZDELAPRADA,moda,0.92
2020-3-01,BOLSO,CLOEAGATHARUIZDELAPRADA,basico,0.08
2020-3-01,BOLSO,CLOESPORT,moda,0.92
2020-3-01,BOLSO,CLOESPORT,basico,0.08
2020-3-01,BOLSO,CLOEUOMO,moda,0.92
2020-3-01,BOLSO,CLOEUOMO,basico,0.08
2020-3-01,BOLSO,CLOELEATHER,moda,0.92
2020-3-01,BOLSO,CLOELEATHER,basico,0.08
2020-3-01,BOLSO,CLOE,moda,0.92
2020-3-01,BOLSO,CLOE,basico,0.08
2020-4-01,BOLSO,CLOEAGATHARUIZDELAPRADA,moda,0.92
2020-4-01,BOLSO,CLOEAGATHARUIZDELAPRADA,basico,0.08
2020-4-01,BOLSO,CLOESPORT,moda,0.92
2020-4-01,BOLSO,CLOESPORT,basico,0.08
2020-4-01,BOLSO,CLOEUOMO,moda,0.92
2020-4-01,BOLSO,CLOEUOMO,basico,0.08
2020-4-01,BOLSO,CLOELEATHER,moda,0.92
2020-4-01,BOLSO,CLOELEATHER,basico,0.08
2020-4-01,BOLSO,CLOE,moda,0.92
2020-4-01,BOLSO,CLOE,basico,0.08
2020-5-01,BOLSO,CLOEAGATHARUIZDELAPRADA,moda,0.92
2020-5-01,BOLSO,CLOEAGATHARUIZDELAPRADA,basico,0.08
2020-5-01,BOLSO,CLOESPORT,moda,0.92
2020-5-01,BOLSO,CLOESPORT,basico,0.08
2020-5-01,BOLSO,CLOEUOMO,moda,0.92
2020-5-01,BOLSO,CLOEUOMO,basico,0.08
2020-5-01,BOLSO,CLOELEATHER,moda,0.92
2020-5-01,BOLSO,CLOELEATHER,basico,0.08
2020-5-01,BOLSO,CLOE,moda,0.92
2020-5-01,BOLSO,CLOE,basico,0.08
2020-6-01,BOLSO,CLOEAGATHARUIZDELAPRADA,moda,0.92
2020-6-01,BOLSO,CLOEAGATHARUIZDELAPRADA,basico,0.08
2020-6-01,BOLSO,CLOESPORT,moda,0.92
2020-6-01,BOLSO,CLOESPORT,basico,0.08
2020-6-01,BOLSO,CLOEUOMO,moda,0.92
2020-6-01,BOLSO,CLOEUOMO,basico,0.08
2020-6-01,BOLSO,CLOELEATHER,moda,0.92
2020-6-01,BOLSO,CLOELEATHER,basico,0.08
2020-6-01,BOLSO,CLOE,moda,0.92
2020-6-01,BOLSO,CLOE,basico,0.08
2020-7-01,BOLSO,CLOEAGATHARUIZDELAPRADA,moda,0.92
2020-7-01,BOLSO,CLOEAGATHARUIZDELAPRADA,basico,0.08
2020-7-01,BOLSO,CLOESPORT,moda,0.92
2020-7-01,BOLSO,CLOESPORT,basico,0.08
2020-7-01,BOLSO,CLOEUOMO,moda,0.92
2020-7-01,BOLSO,CLOEUOMO,basico,0.08
2020-7-01,BOLSO,CLOELEATHER,moda,0.92
2020-7-01,BOLSO,CLOELEATHER,basico,0.08
2020-7-01,BOLSO,CLOE,moda,0.92
2020-7-01,BOLSO,CLOE,basico,0.08
2020-8-01,BOLSO,CLOEAGATHARUIZDELAPRADA,moda,0.92
2020-8-01,BOLSO,CLOEAGATHARUIZDELAPRADA,basico,0.08
2020-8-01,BOLSO,CLOESPORT,moda,0.92
2020-8-01,BOLSO,CLOESPORT,basico,0.08
2020-8-01,BOLSO,CLOEUOMO,moda,0.92
2020-8-01,BOLSO,CLOEUOMO,basico,0.08
2020-8-01,BOLSO,CLOELEATHER,moda,0.92
2020-8-01,BOLSO,CLOELEATHER,basico,0.08
2020-8-01,BOLSO,CLOE,moda,0.92
2020-8-01,BOLSO,CLOE,basico,0.08
2020-9-01,BOLSO,CLOEAGATHARUIZDELAPRADA,moda,0.92
2020-9-01,BOLSO,CLOEAGATHARUIZDELAPRADA,basico,0.08
2020-9-01,BOLSO,CLOESPORT,moda,0.92
2020-9-01,BOLSO,CLOESPORT,basico,0.08
2020-9-01,BOLSO,CLOEUOMO,moda,0.92
2020-9-01,BOLSO,CLOEUOMO,basico,0.08
2020-9-01,BOLSO,CLOELEATHER,moda,0.92
2020-9-01,BOLSO,CLOELEATHER,basico,0.08
2020-9-01,BOLSO,CLOE,moda,0.92
2020-9-01,BOLSO,CLOE,basico,0.08
2020-10-01,BOLSO,CLOEAGATHARUIZDELAPRADA,moda,0.92
2020-10-01,BOLSO,CLOEAGATHARUIZDELAPRADA,basico,0.08
2020-10-01,BOLSO,CLOESPORT,moda,0.92
2020-10-01,BOLSO,CLOESPORT,basico,0.08
2020-10-01,BOLSO,CLOEUOMO,moda,0.92
2020-10-01,BOLSO,CLOEUOMO,basico,0.08
2020-10-01,BOLSO,CLOELEATHER,moda,0.92
2020-10-01,BOLSO,CLOELEATHER,basico,0.08
2020-10-01,BOLSO,CLOE,moda,0.92
2020-10-01,BOLSO,CLOE,basico,0.08
2020-11-01,BOLSO,CLOEAGATHARUIZDELAPRADA,moda,0.92
2020-11-01,BOLSO,CLOEAGATHARUIZDELAPRADA,basico,0.08
2020-11-01,BOLSO,CLOESPORT,moda,0.92
2020-11-01,BOLSO,CLOESPORT,basico,0.08
2020-11-01,BOLSO,CLOEUOMO,moda,0.92
2020-11-01,BOLSO,CLOEUOMO,basico,0.08
2020-11-01,BOLSO,CLOELEATHER,moda,0.92
2020-11-01,BOLSO,CLOELEATHER,basico,0.08
2020-11-01,BOLSO,CLOE,moda,0.92
2020-11-01,BOLSO,CLOE,basico,0.08
2020-12-01,BOLSO,CLOEAGATHARUIZDELAPRADA,moda,0.92
2020-12-01,BOLSO,CLOEAGATHARUIZDELAPRADA,basico,0.08
2020-12-01,BOLSO,CLOESPORT,moda,0.92
2020-12-01,BOLSO,CLOESPORT,basico,0.08
2020-12-01,BOLSO,CLOEUOMO,moda,0.92
2020-12-01,BOLSO,CLOEUOMO,basico,0.08
2020-12-01,BOLSO,CLOELEATHER,moda,0.92
2020-12-01,BOLSO,CLOELEATHER,basico,0.08
2020-12-01,BOLSO,CLOE,moda,0.92
2020-12-01,BOLSO,CLOE,basico,0.08
2020-1-01,BILLETERA,CLOEAGATHARUIZDELAPRADA,moda,0.8
2020-1-01,BILLETERA,CLOEAGATHARUIZDELAPRADA,basico,0.2
2020-1-01,BILLETERA,CLOESPORT,moda,0.8
2020-1-01,BILLETERA,CLOESPORT,basico,0.2
2020-1-01,BILLETERA,CLOEUOMO,moda,0.8
2020-1-01,BILLETERA,CLOEUOMO,basico,0.2
2020-1-01,BILLETERA,CLOELEATHER,moda,0.8
2020-1-01,BILLETERA,CLOELEATHER,basico,0.2
2020-1-01,BILLETERA,CLOEGIRLS,moda,0.8
2020-1-01,BILLETERA,CLOEGIRLS,basico,0.2
2020-1-01,BILLETERA,CLOE,moda,0.8
2020-1-01,BILLETERA,CLOE,basico,0.2
2020-1-01,BILLETERA,CLOEMOM&BABY,moda,0.8
2020-1-01,BILLETERA,CLOEMOM&BABY,basico,0.2
2020-2-01,BILLETERA,CLOEAGATHARUIZDELAPRADA,moda,0.8
2020-2-01,BILLETERA,CLOEAGATHARUIZDELAPRADA,basico,0.2
2020-2-01,BILLETERA,CLOESPORT,moda,0.8
2020-2-01,BILLETERA,CLOESPORT,basico,0.2
2020-2-01,BILLETERA,CLOEUOMO,moda,0.8
2020-2-01,BILLETERA,CLOEUOMO,basico,0.2
2020-2-01,BILLETERA,CLOELEATHER,moda,0.8
2020-2-01,BILLETERA,CLOELEATHER,basico,0.2
2020-2-01,BILLETERA,CLOEGIRLS,moda,0.8
2020-2-01,BILLETERA,CLOEGIRLS,basico,0.2
2020-2-01,BILLETERA,CLOE,moda,0.8
2020-2-01,BILLETERA,CLOE,basico,0.2
2020-2-01,BILLETERA,CLOEMOM&BABY,moda,0.8
2020-2-01,BILLETERA,CLOEMOM&BABY,basico,0.2
2020-3-01,BILLETERA,CLOEAGATHARUIZDELAPRADA,moda,0.8
2020-3-01,BILLETERA,CLOEAGATHARUIZDELAPRADA,basico,0.2
2020-3-01,BILLETERA,CLOESPORT,moda,0.8
2020-3-01,BILLETERA,CLOESPORT,basico,0.2
2020-3-01,BILLETERA,CLOEUOMO,moda,0.8
2020-3-01,BILLETERA,CLOEUOMO,basico,0.2
2020-3-01,BILLETERA,CLOELEATHER,moda,0.8
2020-3-01,BILLETERA,CLOELEATHER,basico,0.2
2020-3-01,BILLETERA,CLOEGIRLS,moda,0.8
2020-3-01,BILLETERA,CLOEGIRLS,basico,0.2
2020-3-01,BILLETERA,CLOE,moda,0.8
2020-3-01,BILLETERA,CLOE,basico,0.2
2020-3-01,BILLETERA,CLOEMOM&BABY,moda,0.8
2020-3-01,BILLETERA,CLOEMOM&BABY,basico,0.2
2020-4-01,BILLETERA,CLOEAGATHARUIZDELAPRADA,moda,0.8
2020-4-01,BILLETERA,CLOEAGATHARUIZDELAPRADA,basico,0.2
2020-4-01,BILLETERA,CLOESPORT,moda,0.8
2020-4-01,BILLETERA,CLOESPORT,basico,0.2
2020-4-01,BILLETERA,CLOEUOMO,moda,0.8
2020-4-01,BILLETERA,CLOEUOMO,basico,0.2
2020-4-01,BILLETERA,CLOELEATHER,moda,0.8
2020-4-01,BILLETERA,CLOELEATHER,basico,0.2
2020-4-01,BILLETERA,CLOEGIRLS,moda,0.8
2020-4-01,BILLETERA,CLOEGIRLS,basico,0.2
2020-4-01,BILLETERA,CLOE,moda,0.8
2020-4-01,BILLETERA,CLOE,basico,0.2
2020-4-01,BILLETERA,CLOEMOM&BABY,moda,0.8
2020-4-01,BILLETERA,CLOEMOM&BABY,basico,0.2
2020-5-01,BILLETERA,CLOEAGATHARUIZDELAPRADA,moda,0.8
2020-5-01,BILLETERA,CLOEAGATHARUIZDELAPRADA,basico,0.2
2020-5-01,BILLETERA,CLOESPORT,moda,0.8
2020-5-01,BILLETERA,CLOESPORT,basico,0.2
2020-5-01,BILLETERA,CLOEUOMO,moda,0.8
2020-5-01,BILLETERA,CLOEUOMO,basico,0.2
2020-5-01,BILLETERA,CLOELEATHER,moda,0.8
2020-5-01,BILLETERA,CLOELEATHER,basico,0.2
2020-5-01,BILLETERA,CLOEGIRLS,moda,0.8
2020-5-01,BILLETERA,CLOEGIRLS,basico,0.2
2020-5-01,BILLETERA,CLOE,moda,0.8
2020-5-01,BILLETERA,CLOE,basico,0.2
2020-5-01,BILLETERA,CLOEMOM&BABY,moda,0.8
2020-5-01,BILLETERA,CLOEMOM&BABY,basico,0.2
2020-6-01,BILLETERA,CLOEAGATHARUIZDELAPRADA,moda,0.8
2020-6-01,BILLETERA,CLOEAGATHARUIZDELAPRADA,basico,0.2
2020-6-01,BILLETERA,CLOESPORT,moda,0.8
2020-6-01,BILLETERA,CLOESPORT,basico,0.2
2020-6-01,BILLETERA,CLOEUOMO,moda,0.8
2020-6-01,BILLETERA,CLOEUOMO,basico,0.2
2020-6-01,BILLETERA,CLOELEATHER,moda,0.8
2020-6-01,BILLETERA,CLOELEATHER,basico,0.2
2020-6-01,BILLETERA,CLOEGIRLS,moda,0.8
2020-6-01,BILLETERA,CLOEGIRLS,basico,0.2
2020-6-01,BILLETERA,CLOE,moda,0.8
2020-6-01,BILLETERA,CLOE,basico,0.2
2020-6-01,BILLETERA,CLOEMOM&BABY,moda,0.8
2020-6-01,BILLETERA,CLOEMOM&BABY,basico,0.2
2020-7-01,BILLETERA,CLOEAGATHARUIZDELAPRADA,moda,0.8
2020-7-01,BILLETERA,CLOEAGATHARUIZDELAPRADA,basico,0.2
2020-7-01,BILLETERA,CLOESPORT,moda,0.8
2020-7-01,BILLETERA,CLOESPORT,basico,0.2
2020-7-01,BILLETERA,CLOEUOMO,moda,0.8
2020-7-01,BILLETERA,CLOEUOMO,basico,0.2
2020-7-01,BILLETERA,CLOELEATHER,moda,0.8
2020-7-01,BILLETERA,CLOELEATHER,basico,0.2
2020-7-01,BILLETERA,CLOEGIRLS,moda,0.8
2020-7-01,BILLETERA,CLOEGIRLS,basico,0.2
2020-7-01,BILLETERA,CLOE,moda,0.8
2020-7-01,BILLETERA,CLOE,basico,0.2
2020-7-01,BILLETERA,CLOEMOM&BABY,moda,0.8
2020-7-01,BILLETERA,CLOEMOM&BABY,basico,0.2
2020-8-01,BILLETERA,CLOEAGATHARUIZDELAPRADA,moda,0.8
2020-8-01,BILLETERA,CLOEAGATHARUIZDELAPRADA,basico,0.2
2020-8-01,BILLETERA,CLOESPORT,moda,0.8
2020-8-01,BILLETERA,CLOESPORT,basico,0.2
2020-8-01,BILLETERA,CLOEUOMO,moda,0.8
2020-8-01,BILLETERA,CLOEUOMO,basico,0.2
2020-8-01,BILLETERA,CLOELEATHER,moda,0.8
2020-8-01,BILLETERA,CLOELEATHER,basico,0.2
2020-8-01,BILLETERA,CLOEGIRLS,moda,0.8
2020-8-01,BILLETERA,CLOEGIRLS,basico,0.2
2020-8-01,BILLETERA,CLOE,moda,0.8
2020-8-01,BILLETERA,CLOE,basico,0.2
2020-8-01,BILLETERA,CLOEMOM&BABY,moda,0.8
2020-8-01,BILLETERA,CLOEMOM&BABY,basico,0.2
2020-9-01,BILLETERA,CLOEAGATHARUIZDELAPRADA,moda,0.8
2020-9-01,BILLETERA,CLOEAGATHARUIZDELAPRADA,basico,0.2
2020-9-01,BILLETERA,CLOESPORT,moda,0.8
2020-9-01,BILLETERA,CLOESPORT,basico,0.2
2020-9-01,BILLETERA,CLOEUOMO,moda,0.8
2020-9-01,BILLETERA,CLOEUOMO,basico,0.2
2020-9-01,BILLETERA,CLOELEATHER,moda,0.8
2020-9-01,BILLETERA,CLOELEATHER,basico,0.2
2020-9-01,BILLETERA,CLOEGIRLS,moda,0.8
2020-9-01,BILLETERA,CLOEGIRLS,basico,0.2
2020-9-01,BILLETERA,CLOE,moda,0.8
2020-9-01,BILLETERA,CLOE,basico,0.2
2020-9-01,BILLETERA,CLOEMOM&BABY,moda,0.8
2020-9-01,BILLETERA,CLOEMOM&BABY,basico,0.2
2020-10-01,BILLETERA,CLOEAGATHARUIZDELAPRADA,moda,0.8
2020-10-01,BILLETERA,CLOEAGATHARUIZDELAPRADA,basico,0.2
2020-10-01,BILLETERA,CLOESPORT,moda,0.8
2020-10-01,BILLETERA,CLOESPORT,basico,0.2
2020-10-01,BILLETERA,CLOEUOMO,moda,0.8
2020-10-01,BILLETERA,CLOEUOMO,basico,0.2
2020-10-01,BILLETERA,CLOELEATHER,moda,0.8
2020-10-01,BILLETERA,CLOELEATHER,basico,0.2
2020-10-01,BILLETERA,CLOEGIRLS,moda,0.8
2020-10-01,BILLETERA,CLOEGIRLS,basico,0.2
2020-10-01,BILLETERA,CLOE,moda,0.8
2020-10-01,BILLETERA,CLOE,basico,0.2
2020-10-01,BILLETERA,CLOEMOM&BABY,moda,0.8
2020-10-01,BILLETERA,CLOEMOM&BABY,basico,0.2
2020-11-01,BILLETERA,CLOEAGATHARUIZDELAPRADA,moda,0.8
2020-11-01,BILLETERA,CLOEAGATHARUIZDELAPRADA,basico,0.2
2020-11-01,BILLETERA,CLOESPORT,moda,0.8
2020-11-01,BILLETERA,CLOESPORT,basico,0.2
2020-11-01,BILLETERA,CLOEUOMO,moda,0.8
2020-11-01,BILLETERA,CLOEUOMO,basico,0.2
2020-11-01,BILLETERA,CLOELEATHER,moda,0.8
2020-11-01,BILLETERA,CLOELEATHER,basico,0.2
2020-11-01,BILLETERA,CLOEGIRLS,moda,0.8
2020-11-01,BILLETERA,CLOEGIRLS,basico,0.2
2020-11-01,BILLETERA,CLOE,moda,0.8
2020-11-01,BILLETERA,CLOE,basico,0.2
2020-11-01,BILLETERA,CLOEMOM&BABY,moda,0.8
2020-11-01,BILLETERA,CLOEMOM&BABY,basico,0.2
2020-12-01,BILLETERA,CLOEAGATHARUIZDELAPRADA,moda,0.8
2020-12-01,BILLETERA,CLOEAGATHARUIZDELAPRADA,basico,0.2
2020-12-01,BILLETERA,CLOESPORT,moda,0.8
2020-12-01,BILLETERA,CLOESPORT,basico,0.2
2020-12-01,BILLETERA,CLOEUOMO,moda,0.8
2020-12-01,BILLETERA,CLOEUOMO,basico,0.2
2020-12-01,BILLETERA,CLOELEATHER,moda,0.8
2020-12-01,BILLETERA,CLOELEATHER,basico,0.2
2020-12-01,BILLETERA,CLOEGIRLS,moda,0.8
2020-12-01,BILLETERA,CLOEGIRLS,basico,0.2
2020-12-01,BILLETERA,CLOE,moda,0.8
2020-12-01,BILLETERA,CLOE,basico,0.2
2020-12-01,BILLETERA,CLOEMOM&BABY,moda,0.8
2020-12-01,BILLETERA,CLOEMOM&BABY,basico,0.2
2020-1-01,COSMETIQUERA,CLOEAGATHARUIZDELAPRADA,moda,0.9
2020-1-01,COSMETIQUERA,CLOEAGATHARUIZDELAPRADA,basico,0.1
2020-1-01,COSMETIQUERA,LUCENTZZA,moda,0.9
2020-1-01,COSMETIQUERA,LUCENTZZA,basico,0.1
2020-1-01,COSMETIQUERA,CLOESPORT,moda,0.9
2020-1-01,COSMETIQUERA,CLOESPORT,basico,0.1
2020-1-01,COSMETIQUERA,CLOEUOMO,moda,0.9
2020-1-01,COSMETIQUERA,CLOEUOMO,basico,0.1
2020-1-01,COSMETIQUERA,CLOELEATHER,moda,0.9
2020-1-01,COSMETIQUERA,CLOELEATHER,basico,0.1
2020-1-01,COSMETIQUERA,CLOEGIRLS,moda,0.9
2020-1-01,COSMETIQUERA,CLOEGIRLS,basico,0.1
2020-1-01,COSMETIQUERA,CLOE,moda,0.9
2020-1-01,COSMETIQUERA,CLOE,basico,0.1
2020-1-01,COSMETIQUERA,CLOEMOM&BABY,moda,0.9
2020-1-01,COSMETIQUERA,CLOEMOM&BABY,basico,0.1
2020-2-01,COSMETIQUERA,CLOEAGATHARUIZDELAPRADA,moda,0.9
2020-2-01,COSMETIQUERA,CLOEAGATHARUIZDELAPRADA,basico,0.1
2020-2-01,COSMETIQUERA,LUCENTZZA,moda,0.9
2020-2-01,COSMETIQUERA,LUCENTZZA,basico,0.1
2020-2-01,COSMETIQUERA,CLOESPORT,moda,0.9
2020-2-01,COSMETIQUERA,CLOESPORT,basico,0.1
2020-2-01,COSMETIQUERA,CLOEUOMO,moda,0.9
2020-2-01,COSMETIQUERA,CLOEUOMO,basico,0.1
2020-2-01,COSMETIQUERA,CLOELEATHER,moda,0.9
2020-2-01,COSMETIQUERA,CLOELEATHER,basico,0.1
2020-2-01,COSMETIQUERA,CLOEGIRLS,moda,0.9
2020-2-01,COSMETIQUERA,CLOEGIRLS,basico,0.1
2020-2-01,COSMETIQUERA,CLOE,moda,0.9
2020-2-01,COSMETIQUERA,CLOE,basico,0.1
2020-2-01,COSMETIQUERA,CLOEMOM&BABY,moda,0.9
2020-2-01,COSMETIQUERA,CLOEMOM&BABY,basico,0.1
2020-3-01,COSMETIQUERA,CLOEAGATHARUIZDELAPRADA,moda,0.9
2020-3-01,COSMETIQUERA,CLOEAGATHARUIZDELAPRADA,basico,0.1
2020-3-01,COSMETIQUERA,LUCENTZZA,moda,0.9
2020-3-01,COSMETIQUERA,LUCENTZZA,basico,0.1
2020-3-01,COSMETIQUERA,CLOESPORT,moda,0.9
2020-3-01,COSMETIQUERA,CLOESPORT,basico,0.1
2020-3-01,COSMETIQUERA,CLOEUOMO,moda,0.9
2020-3-01,COSMETIQUERA,CLOEUOMO,basico,0.1
2020-3-01,COSMETIQUERA,CLOELEATHER,moda,0.9
2020-3-01,COSMETIQUERA,CLOELEATHER,basico,0.1
2020-3-01,COSMETIQUERA,CLOEGIRLS,moda,0.9
2020-3-01,COSMETIQUERA,CLOEGIRLS,basico,0.1
2020-3-01,COSMETIQUERA,CLOE,moda,0.9
2020-3-01,COSMETIQUERA,CLOE,basico,0.1
2020-3-01,COSMETIQUERA,CLOEMOM&BABY,moda,0.9
2020-3-01,COSMETIQUERA,CLOEMOM&BABY,basico,0.1
2020-4-01,COSMETIQUERA,CLOEAGATHARUIZDELAPRADA,moda,0.9
2020-4-01,COSMETIQUERA,CLOEAGATHARUIZDELAPRADA,basico,0.1
2020-4-01,COSMETIQUERA,LUCENTZZA,moda,0.9
2020-4-01,COSMETIQUERA,LUCENTZZA,basico,0.1
2020-4-01,COSMETIQUERA,CLOESPORT,moda,0.9
2020-4-01,COSMETIQUERA,CLOESPORT,basico,0.1
2020-4-01,COSMETIQUERA,CLOEUOMO,moda,0.9
2020-4-01,COSMETIQUERA,CLOEUOMO,basico,0.1
2020-4-01,COSMETIQUERA,CLOELEATHER,moda,0.9
2020-4-01,COSMETIQUERA,CLOELEATHER,basico,0.1
2020-4-01,COSMETIQUERA,CLOEGIRLS,moda,0.9
2020-4-01,COSMETIQUERA,CLOEGIRLS,basico,0.1
2020-4-01,COSMETIQUERA,CLOE,moda,0.9
2020-4-01,COSMETIQUERA,CLOE,basico,0.1
2020-4-01,COSMETIQUERA,CLOEMOM&BABY,moda,0.9
2020-4-01,COSMETIQUERA,CLOEMOM&BABY,basico,0.1
2020-5-01,COSMETIQUERA,CLOEAGATHARUIZDELAPRADA,moda,0.9
2020-5-01,COSMETIQUERA,CLOEAGATHARUIZDELAPRADA,basico,0.1
2020-5-01,COSMETIQUERA,LUCENTZZA,moda,0.9
2020-5-01,COSMETIQUERA,LUCENTZZA,basico,0.1
2020-5-01,COSMETIQUERA,CLOESPORT,moda,0.9
2020-5-01,COSMETIQUERA,CLOESPORT,basico,0.1
2020-5-01,COSMETIQUERA,CLOEUOMO,moda,0.9
2020-5-01,COSMETIQUERA,CLOEUOMO,basico,0.1
2020-5-01,COSMETIQUERA,CLOELEATHER,moda,0.9
2020-5-01,COSMETIQUERA,CLOELEATHER,basico,0.1
2020-5-01,COSMETIQUERA,CLOEGIRLS,moda,0.9
2020-5-01,COSMETIQUERA,CLOEGIRLS,basico,0.1
2020-5-01,COSMETIQUERA,CLOE,moda,0.9
2020-5-01,COSMETIQUERA,CLOE,basico,0.1
2020-5-01,COSMETIQUERA,CLOEMOM&BABY,moda,0.9
2020-5-01,COSMETIQUERA,CLOEMOM&BABY,basico,0.1
2020-6-01,COSMETIQUERA,CLOEAGATHARUIZDELAPRADA,moda,0.9
2020-6-01,COSMETIQUERA,CLOEAGATHARUIZDELAPRADA,basico,0.1
2020-6-01,COSMETIQUERA,LUCENTZZA,moda,0.9
2020-6-01,COSMETIQUERA,LUCENTZZA,basico,0.1
2020-6-01,COSMETIQUERA,CLOESPORT,moda,0.9
2020-6-01,COSMETIQUERA,CLOESPORT,basico,0.1
2020-6-01,COSMETIQUERA,CLOEUOMO,moda,0.9
2020-6-01,COSMETIQUERA,CLOEUOMO,basico,0.1
2020-6-01,COSMETIQUERA,CLOELEATHER,moda,0.9
2020-6-01,COSMETIQUERA,CLOELEATHER,basico,0.1
2020-6-01,COSMETIQUERA,CLOEGIRLS,moda,0.9
2020-6-01,COSMETIQUERA,CLOEGIRLS,basico,0.1
2020-6-01,COSMETIQUERA,CLOE,moda,0.9
2020-6-01,COSMETIQUERA,CLOE,basico,0.1
2020-6-01,COSMETIQUERA,CLOEMOM&BABY,moda,0.9
2020-6-01,COSMETIQUERA,CLOEMOM&BABY,basico,0.1
2020-7-01,COSMETIQUERA,CLOEAGATHARUIZDELAPRADA,moda,0.9
2020-7-01,COSMETIQUERA,CLOEAGATHARUIZDELAPRADA,basico,0.1
2020-7-01,COSMETIQUERA,LUCENTZZA,moda,0.9
2020-7-01,COSMETIQUERA,LUCENTZZA,basico,0.1
2020-7-01,COSMETIQUERA,CLOESPORT,moda,0.9
2020-7-01,COSMETIQUERA,CLOESPORT,basico,0.1
2020-7-01,COSMETIQUERA,CLOEUOMO,moda,0.9
2020-7-01,COSMETIQUERA,CLOEUOMO,basico,0.1
2020-7-01,COSMETIQUERA,CLOELEATHER,moda,0.9
2020-7-01,COSMETIQUERA,CLOELEATHER,basico,0.1
2020-7-01,COSMETIQUERA,CLOEGIRLS,moda,0.9
2020-7-01,COSMETIQUERA,CLOEGIRLS,basico,0.1
2020-7-01,COSMETIQUERA,CLOE,moda,0.9
2020-7-01,COSMETIQUERA,CLOE,basico,0.1
2020-7-01,COSMETIQUERA,CLOEMOM&BABY,moda,0.9
2020-7-01,COSMETIQUERA,CLOEMOM&BABY,basico,0.1
2020-8-01,COSMETIQUERA,CLOEAGATHARUIZDELAPRADA,moda,0.9
2020-8-01,COSMETIQUERA,CLOEAGATHARUIZDELAPRADA,basico,0.1
2020-8-01,COSMETIQUERA,LUCENTZZA,moda,0.9
2020-8-01,COSMETIQUERA,LUCENTZZA,basico,0.1
2020-8-01,COSMETIQUERA,CLOESPORT,moda,0.9
2020-8-01,COSMETIQUERA,CLOESPORT,basico,0.1
2020-8-01,COSMETIQUERA,CLOEUOMO,moda,0.9
2020-8-01,COSMETIQUERA,CLOEUOMO,basico,0.1
2020-8-01,COSMETIQUERA,CLOELEATHER,moda,0.9
2020-8-01,COSMETIQUERA,CLOELEATHER,basico,0.1
2020-8-01,COSMETIQUERA,CLOEGIRLS,moda,0.9
2020-8-01,COSMETIQUERA,CLOEGIRLS,basico,0.1
2020-8-01,COSMETIQUERA,CLOE,moda,0.9
2020-8-01,COSMETIQUERA,CLOE,basico,0.1
2020-8-01,COSMETIQUERA,CLOEMOM&BABY,moda,0.9
2020-8-01,COSMETIQUERA,CLOEMOM&BABY,basico,0.1
2020-9-01,COSMETIQUERA,CLOEAGATHARUIZDELAPRADA,moda,0.9
2020-9-01,COSMETIQUERA,CLOEAGATHARUIZDELAPRADA,basico,0.1
2020-9-01,COSMETIQUERA,LUCENTZZA,moda,0.9
2020-9-01,COSMETIQUERA,LUCENTZZA,basico,0.1
2020-9-01,COSMETIQUERA,CLOESPORT,moda,0.9
2020-9-01,COSMETIQUERA,CLOESPORT,basico,0.1
2020-9-01,COSMETIQUERA,CLOEUOMO,moda,0.9
2020-9-01,COSMETIQUERA,CLOEUOMO,basico,0.1
2020-9-01,COSMETIQUERA,CLOELEATHER,moda,0.9
2020-9-01,COSMETIQUERA,CLOELEATHER,basico,0.1
2020-9-01,COSMETIQUERA,CLOEGIRLS,moda,0.9
2020-9-01,COSMETIQUERA,CLOEGIRLS,basico,0.1
2020-9-01,COSMETIQUERA,CLOE,moda,0.9
2020-9-01,COSMETIQUERA,CLOE,basico,0.1
2020-9-01,COSMETIQUERA,CLOEMOM&BABY,moda,0.9
2020-9-01,COSMETIQUERA,CLOEMOM&BABY,basico,0.1
2020-10-01,COSMETIQUERA,CLOEAGATHARUIZDELAPRADA,moda,0.9
2020-10-01,COSMETIQUERA,CLOEAGATHARUIZDELAPRADA,basico,0.1
2020-10-01,COSMETIQUERA,LUCENTZZA,moda,0.9
2020-10-01,COSMETIQUERA,LUCENTZZA,basico,0.1
2020-10-01,COSMETIQUERA,CLOESPORT,moda,0.9
2020-10-01,COSMETIQUERA,CLOESPORT,basico,0.1
2020-10-01,COSMETIQUERA,CLOEUOMO,moda,0.9
2020-10-01,COSMETIQUERA,CLOEUOMO,basico,0.1
2020-10-01,COSMETIQUERA,CLOELEATHER,moda,0.9
2020-10-01,COSMETIQUERA,CLOELEATHER,basico,0.1
2020-10-01,COSMETIQUERA,CLOEGIRLS,moda,0.9
2020-10-01,COSMETIQUERA,CLOEGIRLS,basico,0.1
2020-10-01,COSMETIQUERA,CLOE,moda,0.9
2020-10-01,COSMETIQUERA,CLOE,basico,0.1
2020-10-01,COSMETIQUERA,CLOEMOM&BABY,moda,0.9
2020-10-01,COSMETIQUERA,CLOEMOM&BABY,basico,0.1
2020-11-01,COSMETIQUERA,CLOEAGATHARUIZDELAPRADA,moda,0.9
2020-11-01,COSMETIQUERA,CLOEAGATHARUIZDELAPRADA,basico,0.1
2020-11-01,COSMETIQUERA,LUCENTZZA,moda,0.9
2020-11-01,COSMETIQUERA,LUCENTZZA,basico,0.1
2020-11-01,COSMETIQUERA,CLOESPORT,moda,0.9
2020-11-01,COSMETIQUERA,CLOESPORT,basico,0.1
2020-11-01,COSMETIQUERA,CLOEUOMO,moda,0.9
2020-11-01,COSMETIQUERA,CLOEUOMO,basico,0.1
2020-11-01,COSMETIQUERA,CLOELEATHER,moda,0.9
2020-11-01,COSMETIQUERA,CLOELEATHER,basico,0.1
2020-11-01,COSMETIQUERA,CLOEGIRLS,moda,0.9
2020-11-01,COSMETIQUERA,CLOEGIRLS,basico,0.1
2020-11-01,COSMETIQUERA,CLOE,moda,0.9
2020-11-01,COSMETIQUERA,CLOE,basico,0.1
2020-11-01,COSMETIQUERA,CLOEMOM&BABY,moda,0.9
2020-11-01,COSMETIQUERA,CLOEMOM&BABY,basico,0.1
2020-12-01,COSMETIQUERA,CLOEAGATHARUIZDELAPRADA,moda,0.9
2020-12-01,COSMETIQUERA,CLOEAGATHARUIZDELAPRADA,basico,0.1
2020-12-01,COSMETIQUERA,LUCENTZZA,moda,0.9
2020-12-01,COSMETIQUERA,LUCENTZZA,basico,0.1
2020-12-01,COSMETIQUERA,CLOESPORT,moda,0.9
2020-12-01,COSMETIQUERA,CLOESPORT,basico,0.1
2020-12-01,COSMETIQUERA,CLOEUOMO,moda,0.9
2020-12-01,COSMETIQUERA,CLOEUOMO,basico,0.1
2020-12-01,COSMETIQUERA,CLOELEATHER,moda,0.9
2020-12-01,COSMETIQUERA,CLOELEATHER,basico,0.1
2020-12-01,COSMETIQUERA,CLOEGIRLS,moda,0.9
2020-12-01,COSMETIQUERA,CLOEGIRLS,basico,0.1
2020-12-01,COSMETIQUERA,CLOE,moda,0.9
2020-12-01,COSMETIQUERA,CLOE,basico,0.1
2020-12-01,COSMETIQUERA,CLOEMOM&BABY,moda,0.9
2020-12-01,COSMETIQUERA,CLOEMOM&BABY,basico,0.1
2020-1-01,EQUIPAJE,CLOEAGATHARUIZDELAPRADA,moda,0.42
2020-1-01,EQUIPAJE,CLOEAGATHARUIZDELAPRADA,basico,0.58
2020-1-01,EQUIPAJE,LUCENTZZA,moda,0.42
2020-1-01,EQUIPAJE,LUCENTZZA,basico,0.58
2020-1-01,EQUIPAJE,CLOESPORT,moda,0.42
2020-1-01,EQUIPAJE,CLOESPORT,basico,0.58
2020-1-01,EQUIPAJE,CLOEUOMO,moda,0.42
2020-1-01,EQUIPAJE,CLOEUOMO,basico,0.58
2020-1-01,EQUIPAJE,CLOELEATHER,moda,0.42
2020-1-01,EQUIPAJE,CLOELEATHER,basico,0.58
2020-1-01,EQUIPAJE,CLOEGIRLS,moda,0.42
2020-1-01,EQUIPAJE,CLOEGIRLS,basico,0.58
2020-1-01,EQUIPAJE,CLOE,moda,0.42
2020-1-01,EQUIPAJE,CLOE,basico,0.58
2020-1-01,EQUIPAJE,CLOEMOM&BABY,moda,0.42
2020-1-01,EQUIPAJE,CLOEMOM&BABY,basico,0.58
2020-2-01,EQUIPAJE,CLOEAGATHARUIZDELAPRADA,moda,0.42
2020-2-01,EQUIPAJE,CLOEAGATHARUIZDELAPRADA,basico,0.58
2020-2-01,EQUIPAJE,LUCENTZZA,moda,0.42
2020-2-01,EQUIPAJE,LUCENTZZA,basico,0.58
2020-2-01,EQUIPAJE,CLOESPORT,moda,0.42
2020-2-01,EQUIPAJE,CLOESPORT,basico,0.58
2020-2-01,EQUIPAJE,CLOEUOMO,moda,0.42
2020-2-01,EQUIPAJE,CLOEUOMO,basico,0.58
2020-2-01,EQUIPAJE,CLOELEATHER,moda,0.42
2020-2-01,EQUIPAJE,CLOELEATHER,basico,0.58
2020-2-01,EQUIPAJE,CLOEGIRLS,moda,0.42
2020-2-01,EQUIPAJE,CLOEGIRLS,basico,0.58
2020-2-01,EQUIPAJE,CLOE,moda,0.42
2020-2-01,EQUIPAJE,CLOE,basico,0.58
2020-2-01,EQUIPAJE,CLOEMOM&BABY,moda,0.42
2020-2-01,EQUIPAJE,CLOEMOM&BABY,basico,0.58
2020-3-01,EQUIPAJE,CLOEAGATHARUIZDELAPRADA,moda,0.42
2020-3-01,EQUIPAJE,CLOEAGATHARUIZDELAPRADA,basico,0.58
2020-3-01,EQUIPAJE,LUCENTZZA,moda,0.42
2020-3-01,EQUIPAJE,LUCENTZZA,basico,0.58
2020-3-01,EQUIPAJE,CLOESPORT,moda,0.42
2020-3-01,EQUIPAJE,CLOESPORT,basico,0.58
2020-3-01,EQUIPAJE,CLOEUOMO,moda,0.42
2020-3-01,EQUIPAJE,CLOEUOMO,basico,0.58
2020-3-01,EQUIPAJE,CLOELEATHER,moda,0.42
2020-3-01,EQUIPAJE,CLOELEATHER,basico,0.58
2020-3-01,EQUIPAJE,CLOEGIRLS,moda,0.42
2020-3-01,EQUIPAJE,CLOEGIRLS,basico,0.58
2020-3-01,EQUIPAJE,CLOE,moda,0.42
2020-3-01,EQUIPAJE,CLOE,basico,0.58
2020-3-01,EQUIPAJE,CLOEMOM&BABY,moda,0.42
2020-3-01,EQUIPAJE,CLOEMOM&BABY,basico,0.58
2020-4-01,EQUIPAJE,CLOEAGATHARUIZDELAPRADA,moda,0.42
2020-4-01,EQUIPAJE,CLOEAGATHARUIZDELAPRADA,basico,0.58
2020-4-01,EQUIPAJE,LUCENTZZA,moda,0.42
2020-4-01,EQUIPAJE,LUCENTZZA,basico,0.58
2020-4-01,EQUIPAJE,CLOESPORT,moda,0.42
2020-4-01,EQUIPAJE,CLOESPORT,basico,0.58
2020-4-01,EQUIPAJE,CLOEUOMO,moda,0.42
2020-4-01,EQUIPAJE,CLOEUOMO,basico,0.58
2020-4-01,EQUIPAJE,CLOELEATHER,moda,0.42
2020-4-01,EQUIPAJE,CLOELEATHER,basico,0.58
2020-4-01,EQUIPAJE,CLOEGIRLS,moda,0.42
2020-4-01,EQUIPAJE,CLOEGIRLS,basico,0.58
2020-4-01,EQUIPAJE,CLOE,moda,0.42
2020-4-01,EQUIPAJE,CLOE,basico,0.58
2020-4-01,EQUIPAJE,CLOEMOM&BABY,moda,0.42
2020-4-01,EQUIPAJE,CLOEMOM&BABY,basico,0.58
2020-5-01,EQUIPAJE,CLOEAGATHARUIZDELAPRADA,moda,0.42
2020-5-01,EQUIPAJE,CLOEAGATHARUIZDELAPRADA,basico,0.58
2020-5-01,EQUIPAJE,LUCENTZZA,moda,0.42
2020-5-01,EQUIPAJE,LUCENTZZA,basico,0.58
2020-5-01,EQUIPAJE,CLOESPORT,moda,0.42
2020-5-01,EQUIPAJE,CLOESPORT,basico,0.58
2020-5-01,EQUIPAJE,CLOEUOMO,moda,0.42
2020-5-01,EQUIPAJE,CLOEUOMO,basico,0.58
2020-5-01,EQUIPAJE,CLOELEATHER,moda,0.42
2020-5-01,EQUIPAJE,CLOELEATHER,basico,0.58
2020-5-01,EQUIPAJE,CLOEGIRLS,moda,0.42
2020-5-01,EQUIPAJE,CLOEGIRLS,basico,0.58
2020-5-01,EQUIPAJE,CLOE,moda,0.42
2020-5-01,EQUIPAJE,CLOE,basico,0.58
2020-5-01,EQUIPAJE,CLOEMOM&BABY,moda,0.42
2020-5-01,EQUIPAJE,CLOEMOM&BABY,basico,0.58
2020-6-01,EQUIPAJE,CLOEAGATHARUIZDELAPRADA,moda,0.42
2020-6-01,EQUIPAJE,CLOEAGATHARUIZDELAPRADA,basico,0.58
2020-6-01,EQUIPAJE,LUCENTZZA,moda,0.42
2020-6-01,EQUIPAJE,LUCENTZZA,basico,0.58
2020-6-01,EQUIPAJE,CLOESPORT,moda,0.42
2020-6-01,EQUIPAJE,CLOESPORT,basico,0.58
2020-6-01,EQUIPAJE,CLOEUOMO,moda,0.42
2020-6-01,EQUIPAJE,CLOEUOMO,basico,0.58
2020-6-01,EQUIPAJE,CLOELEATHER,moda,0.42
2020-6-01,EQUIPAJE,CLOELEATHER,basico,0.58
2020-6-01,EQUIPAJE,CLOEGIRLS,moda,0.42
2020-6-01,EQUIPAJE,CLOEGIRLS,basico,0.58
2020-6-01,EQUIPAJE,CLOE,moda,0.42
2020-6-01,EQUIPAJE,CLOE,basico,0.58
2020-6-01,EQUIPAJE,CLOEMOM&BABY,moda,0.42
2020-6-01,EQUIPAJE,CLOEMOM&BABY,basico,0.58
2020-7-01,EQUIPAJE,CLOEAGATHARUIZDELAPRADA,moda,0.42
2020-7-01,EQUIPAJE,CLOEAGATHARUIZDELAPRADA,basico,0.58
2020-7-01,EQUIPAJE,LUCENTZZA,moda,0.42
2020-7-01,EQUIPAJE,LUCENTZZA,basico,0.58
2020-7-01,EQUIPAJE,CLOESPORT,moda,0.42
2020-7-01,EQUIPAJE,CLOESPORT,basico,0.58
2020-7-01,EQUIPAJE,CLOEUOMO,moda,0.42
2020-7-01,EQUIPAJE,CLOEUOMO,basico,0.58
2020-7-01,EQUIPAJE,CLOELEATHER,moda,0.42
2020-7-01,EQUIPAJE,CLOELEATHER,basico,0.58
2020-7-01,EQUIPAJE,CLOEGIRLS,moda,0.42
2020-7-01,EQUIPAJE,CLOEGIRLS,basico,0.58
2020-7-01,EQUIPAJE,CLOE,moda,0.42
2020-7-01,EQUIPAJE,CLOE,basico,0.58
2020-7-01,EQUIPAJE,CLOEMOM&BABY,moda,0.42
2020-7-01,EQUIPAJE,CLOEMOM&BABY,basico,0.58
2020-8-01,EQUIPAJE,CLOEAGATHARUIZDELAPRADA,moda,0.42
2020-8-01,EQUIPAJE,CLOEAGATHARUIZDELAPRADA,basico,0.58
2020-8-01,EQUIPAJE,LUCENTZZA,moda,0.42
2020-8-01,EQUIPAJE,LUCENTZZA,basico,0.58
2020-8-01,EQUIPAJE,CLOESPORT,moda,0.42
2020-8-01,EQUIPAJE,CLOESPORT,basico,0.58
2020-8-01,EQUIPAJE,CLOEUOMO,moda,0.42
2020-8-01,EQUIPAJE,CLOEUOMO,basico,0.58
2020-8-01,EQUIPAJE,CLOELEATHER,moda,0.42
2020-8-01,EQUIPAJE,CLOELEATHER,basico,0.58
2020-8-01,EQUIPAJE,CLOEGIRLS,moda,0.42
2020-8-01,EQUIPAJE,CLOEGIRLS,basico,0.58
2020-8-01,EQUIPAJE,CLOE,moda,0.42
2020-8-01,EQUIPAJE,CLOE,basico,0.58
2020-8-01,EQUIPAJE,CLOEMOM&BABY,moda,0.42
2020-8-01,EQUIPAJE,CLOEMOM&BABY,basico,0.58
2020-9-01,EQUIPAJE,CLOEAGATHARUIZDELAPRADA,moda,0.42
2020-9-01,EQUIPAJE,CLOEAGATHARUIZDELAPRADA,basico,0.58
2020-9-01,EQUIPAJE,LUCENTZZA,moda,0.42
2020-9-01,EQUIPAJE,LUCENTZZA,basico,0.58
2020-9-01,EQUIPAJE,CLOESPORT,moda,0.42
2020-9-01,EQUIPAJE,CLOESPORT,basico,0.58
2020-9-01,EQUIPAJE,CLOEUOMO,moda,0.42
2020-9-01,EQUIPAJE,CLOEUOMO,basico,0.58
2020-9-01,EQUIPAJE,CLOELEATHER,moda,0.42
2020-9-01,EQUIPAJE,CLOELEATHER,basico,0.58
2020-9-01,EQUIPAJE,CLOEGIRLS,moda,0.42
2020-9-01,EQUIPAJE,CLOEGIRLS,basico,0.58
2020-9-01,EQUIPAJE,CLOE,moda,0.42
2020-9-01,EQUIPAJE,CLOE,basico,0.58
2020-9-01,EQUIPAJE,CLOEMOM&BABY,moda,0.42
2020-9-01,EQUIPAJE,CLOEMOM&BABY,basico,0.58
2020-10-01,EQUIPAJE,CLOEAGATHARUIZDELAPRADA,moda,0.42
2020-10-01,EQUIPAJE,CLOEAGATHARUIZDELAPRADA,basico,0.58
2020-10-01,EQUIPAJE,LUCENTZZA,moda,0.42
2020-10-01,EQUIPAJE,LUCENTZZA,basico,0.58
2020-10-01,EQUIPAJE,CLOESPORT,moda,0.42
2020-10-01,EQUIPAJE,CLOESPORT,basico,0.58
2020-10-01,EQUIPAJE,CLOEUOMO,moda,0.42
2020-10-01,EQUIPAJE,CLOEUOMO,basico,0.58
2020-10-01,EQUIPAJE,CLOELEATHER,moda,0.42
2020-10-01,EQUIPAJE,CLOELEATHER,basico,0.58
2020-10-01,EQUIPAJE,CLOEGIRLS,moda,0.42
2020-10-01,EQUIPAJE,CLOEGIRLS,basico,0.58
2020-10-01,EQUIPAJE,CLOE,moda,0.42
2020-10-01,EQUIPAJE,CLOE,basico,0.58
2020-10-01,EQUIPAJE,CLOEMOM&BABY,moda,0.42
2020-10-01,EQUIPAJE,CLOEMOM&BABY,basico,0.58
2020-11-01,EQUIPAJE,CLOEAGATHARUIZDELAPRADA,moda,0.42
2020-11-01,EQUIPAJE,CLOEAGATHARUIZDELAPRADA,basico,0.58
2020-11-01,EQUIPAJE,LUCENTZZA,moda,0.42
2020-11-01,EQUIPAJE,LUCENTZZA,basico,0.58
2020-11-01,EQUIPAJE,CLOESPORT,moda,0.42
2020-11-01,EQUIPAJE,CLOESPORT,basico,0.58
2020-11-01,EQUIPAJE,CLOEUOMO,moda,0.42
2020-11-01,EQUIPAJE,CLOEUOMO,basico,0.58
2020-11-01,EQUIPAJE,CLOELEATHER,moda,0.42
2020-11-01,EQUIPAJE,CLOELEATHER,basico,0.58
2020-11-01,EQUIPAJE,CLOEGIRLS,moda,0.42
2020-11-01,EQUIPAJE,CLOEGIRLS,basico,0.58
2020-11-01,EQUIPAJE,CLOE,moda,0.42
2020-11-01,EQUIPAJE,CLOE,basico,0.58
2020-11-01,EQUIPAJE,CLOEMOM&BABY,moda,0.42
2020-11-01,EQUIPAJE,CLOEMOM&BABY,basico,0.58
2020-12-01,EQUIPAJE,CLOEAGATHARUIZDELAPRADA,moda,0.42
2020-12-01,EQUIPAJE,CLOEAGATHARUIZDELAPRADA,basico,0.58
2020-12-01,EQUIPAJE,LUCENTZZA,moda,0.42
2020-12-01,EQUIPAJE,LUCENTZZA,basico,0.58
2020-12-01,EQUIPAJE,CLOESPORT,moda,0.42
2020-12-01,EQUIPAJE,CLOESPORT,basico,0.58
2020-12-01,EQUIPAJE,CLOEUOMO,moda,0.42
2020-12-01,EQUIPAJE,CLOEUOMO,basico,0.58
2020-12-01,EQUIPAJE,CLOELEATHER,moda,0.42
2020-12-01,EQUIPAJE,CLOELEATHER,basico,0.58
2020-12-01,EQUIPAJE,CLOEGIRLS,moda,0.42
2020-12-01,EQUIPAJE,CLOEGIRLS,basico,0.58
2020-12-01,EQUIPAJE,CLOE,moda,0.42
2020-12-01,EQUIPAJE,CLOE,basico,0.58
2020-12-01,EQUIPAJE,CLOEMOM&BABY,moda,0.42
2020-12-01,EQUIPAJE,CLOEMOM&BABY,basico,0.58
2020-1-01,CALZADO,CLOEAGATHARUIZDELAPRADA,moda,0.7
2020-1-01,CALZADO,CLOEAGATHARUIZDELAPRADA,basico,0.3
2020-1-01,CALZADO,LUCENTZZA,moda,0.7
2020-1-01,CALZADO,LUCENTZZA,basico,0.3
2020-1-01,CALZADO,CLOESPORT,moda,0.7
2020-1-01,CALZADO,CLOESPORT,basico,0.3
2020-1-01,CALZADO,CLOEUOMO,moda,0.7
2020-1-01,CALZADO,CLOEUOMO,basico,0.3
2020-1-01,CALZADO,CLOELEATHER,moda,0.7
2020-1-01,CALZADO,CLOELEATHER,basico,0.3
2020-1-01,CALZADO,CLOEGIRLS,moda,0.7
2020-1-01,CALZADO,CLOEGIRLS,basico,0.3
2020-1-01,CALZADO,CLOE,moda,0.7
2020-1-01,CALZADO,CLOE,basico,0.3
2020-1-01,CALZADO,CLOEMOM&BABY,moda,0.7
2020-1-01,CALZADO,CLOEMOM&BABY,basico,0.3
2020-2-01,CALZADO,CLOEAGATHARUIZDELAPRADA,moda,0.7
2020-2-01,CALZADO,CLOEAGATHARUIZDELAPRADA,basico,0.3
2020-2-01,CALZADO,LUCENTZZA,moda,0.7
2020-2-01,CALZADO,LUCENTZZA,basico,0.3
2020-2-01,CALZADO,CLOESPORT,moda,0.7
2020-2-01,CALZADO,CLOESPORT,basico,0.3
2020-2-01,CALZADO,CLOEUOMO,moda,0.7
2020-2-01,CALZADO,CLOEUOMO,basico,0.3
2020-2-01,CALZADO,CLOELEATHER,moda,0.7
2020-2-01,CALZADO,CLOELEATHER,basico,0.3
2020-2-01,CALZADO,CLOEGIRLS,moda,0.7
2020-2-01,CALZADO,CLOEGIRLS,basico,0.3
2020-2-01,CALZADO,CLOE,moda,0.7
2020-2-01,CALZADO,CLOE,basico,0.3
2020-2-01,CALZADO,CLOEMOM&BABY,moda,0.7
2020-2-01,CALZADO,CLOEMOM&BABY,basico,0.3
2020-3-01,CALZADO,CLOEAGATHARUIZDELAPRADA,moda,0.7
2020-3-01,CALZADO,CLOEAGATHARUIZDELAPRADA,basico,0.3
2020-3-01,CALZADO,LUCENTZZA,moda,0.7
2020-3-01,CALZADO,LUCENTZZA,basico,0.3
2020-3-01,CALZADO,CLOESPORT,moda,0.7
2020-3-01,CALZADO,CLOESPORT,basico,0.3
2020-3-01,CALZADO,CLOEUOMO,moda,0.7
2020-3-01,CALZADO,CLOEUOMO,basico,0.3
2020-3-01,CALZADO,CLOELEATHER,moda,0.7
2020-3-01,CALZADO,CLOELEATHER,basico,0.3
2020-3-01,CALZADO,CLOEGIRLS,moda,0.7
2020-3-01,CALZADO,CLOEGIRLS,basico,0.3
2020-3-01,CALZADO,CLOE,moda,0.7
2020-3-01,CALZADO,CLOE,basico,0.3
2020-3-01,CALZADO,CLOEMOM&BABY,moda,0.7
2020-3-01,CALZADO,CLOEMOM&BABY,basico,0.3
2020-4-01,CALZADO,CLOEAGATHARUIZDELAPRADA,moda,0.7
2020-4-01,CALZADO,CLOEAGATHARUIZDELAPRADA,basico,0.3
2020-4-01,CALZADO,LUCENTZZA,moda,0.7
2020-4-01,CALZADO,LUCENTZZA,basico,0.3
2020-4-01,CALZADO,CLOESPORT,moda,0.7
2020-4-01,CALZADO,CLOESPORT,basico,0.3
2020-4-01,CALZADO,CLOEUOMO,moda,0.7
2020-4-01,CALZADO,CLOEUOMO,basico,0.3
2020-4-01,CALZADO,CLOELEATHER,moda,0.7
2020-4-01,CALZADO,CLOELEATHER,basico,0.3
2020-4-01,CALZADO,CLOEGIRLS,moda,0.7
2020-4-01,CALZADO,CLOEGIRLS,basico,0.3
2020-4-01,CALZADO,CLOE,moda,0.7
2020-4-01,CALZADO,CLOE,basico,0.3
2020-4-01,CALZADO,CLOEMOM&BABY,moda,0.7
2020-4-01,CALZADO,CLOEMOM&BABY,basico,0.3
2020-5-01,CALZADO,CLOEAGATHARUIZDELAPRADA,moda,0.7
2020-5-01,CALZADO,CLOEAGATHARUIZDELAPRADA,basico,0.3
2020-5-01,CALZADO,LUCENTZZA,moda,0.7
2020-5-01,CALZADO,LUCENTZZA,basico,0.3
2020-5-01,CALZADO,CLOESPORT,moda,0.7
2020-5-01,CALZADO,CLOESPORT,basico,0.3
2020-5-01,CALZADO,CLOEUOMO,moda,0.7
2020-5-01,CALZADO,CLOEUOMO,basico,0.3
2020-5-01,CALZADO,CLOELEATHER,moda,0.7
2020-5-01,CALZADO,CLOELEATHER,basico,0.3
2020-5-01,CALZADO,CLOEGIRLS,moda,0.7
2020-5-01,CALZADO,CLOEGIRLS,basico,0.3
2020-5-01,CALZADO,CLOE,moda,0.7
2020-5-01,CALZADO,CLOE,basico,0.3
2020-5-01,CALZADO,CLOEMOM&BABY,moda,0.7
2020-5-01,CALZADO,CLOEMOM&BABY,basico,0.3
2020-6-01,CALZADO,CLOEAGATHARUIZDELAPRADA,moda,0.7
2020-6-01,CALZADO,CLOEAGATHARUIZDELAPRADA,basico,0.3
2020-6-01,CALZADO,LUCENTZZA,moda,0.7
2020-6-01,CALZADO,LUCENTZZA,basico,0.3
2020-6-01,CALZADO,CLOESPORT,moda,0.7
2020-6-01,CALZADO,CLOESPORT,basico,0.3
2020-6-01,CALZADO,CLOEUOMO,moda,0.7
2020-6-01,CALZADO,CLOEUOMO,basico,0.3
2020-6-01,CALZADO,CLOELEATHER,moda,0.7
2020-6-01,CALZADO,CLOELEATHER,basico,0.3
2020-6-01,CALZADO,CLOEGIRLS,moda,0.7
2020-6-01,CALZADO,CLOEGIRLS,basico,0.3
2020-6-01,CALZADO,CLOE,moda,0.7
2020-6-01,CALZADO,CLOE,basico,0.3
2020-6-01,CALZADO,CLOEMOM&BABY,moda,0.7
2020-6-01,CALZADO,CLOEMOM&BABY,basico,0.3
2020-7-01,CALZADO,CLOEAGATHARUIZDELAPRADA,moda,0.7
2020-7-01,CALZADO,CLOEAGATHARUIZDELAPRADA,basico,0.3
2020-7-01,CALZADO,LUCENTZZA,moda,0.7
2020-7-01,CALZADO,LUCENTZZA,basico,0.3
2020-7-01,CALZADO,CLOESPORT,moda,0.7
2020-7-01,CALZADO,CLOESPORT,basico,0.3
2020-7-01,CALZADO,CLOEUOMO,moda,0.7
2020-7-01,CALZADO,CLOEUOMO,basico,0.3
2020-7-01,CALZADO,CLOELEATHER,moda,0.7
2020-7-01,CALZADO,CLOELEATHER,basico,0.3
2020-7-01,CALZADO,CLOEGIRLS,moda,0.7
2020-7-01,CALZADO,CLOEGIRLS,basico,0.3
2020-7-01,CALZADO,CLOE,moda,0.7
2020-7-01,CALZADO,CLOE,basico,0.3
2020-7-01,CALZADO,CLOEMOM&BABY,moda,0.7
2020-7-01,CALZADO,CLOEMOM&BABY,basico,0.3
2020-8-01,CALZADO,CLOEAGATHARUIZDELAPRADA,moda,0.7
2020-8-01,CALZADO,CLOEAGATHARUIZDELAPRADA,basico,0.3
2020-8-01,CALZADO,LUCENTZZA,moda,0.7
2020-8-01,CALZADO,LUCENTZZA,basico,0.3
2020-8-01,CALZADO,CLOESPORT,moda,0.7
2020-8-01,CALZADO,CLOESPORT,basico,0.3
2020-8-01,CALZADO,CLOEUOMO,moda,0.7
2020-8-01,CALZADO,CLOEUOMO,basico,0.3
2020-8-01,CALZADO,CLOELEATHER,moda,0.7
2020-8-01,CALZADO,CLOELEATHER,basico,0.3
2020-8-01,CALZADO,CLOEGIRLS,moda,0.7
2020-8-01,CALZADO,CLOEGIRLS,basico,0.3
2020-8-01,CALZADO,CLOE,moda,0.7
2020-8-01,CALZADO,CLOE,basico,0.3
2020-8-01,CALZADO,CLOEMOM&BABY,moda,0.7
2020-8-01,CALZADO,CLOEMOM&BABY,basico,0.3
2020-9-01,CALZADO,CLOEAGATHARUIZDELAPRADA,moda,0.7
2020-9-01,CALZADO,CLOEAGATHARUIZDELAPRADA,basico,0.3
2020-9-01,CALZADO,LUCENTZZA,moda,0.7
2020-9-01,CALZADO,LUCENTZZA,basico,0.3
2020-9-01,CALZADO,CLOESPORT,moda,0.7
2020-9-01,CALZADO,CLOESPORT,basico,0.3
2020-9-01,CALZADO,CLOEUOMO,moda,0.7
2020-9-01,CALZADO,CLOEUOMO,basico,0.3
2020-9-01,CALZADO,CLOELEATHER,moda,0.7
2020-9-01,CALZADO,CLOELEATHER,basico,0.3
2020-9-01,CALZADO,CLOEGIRLS,moda,0.7
2020-9-01,CALZADO,CLOEGIRLS,basico,0.3
2020-9-01,CALZADO,CLOE,moda,0.7
2020-9-01,CALZADO,CLOE,basico,0.3
2020-9-01,CALZADO,CLOEMOM&BABY,moda,0.7
2020-9-01,CALZADO,CLOEMOM&BABY,basico,0.3
2020-10-01,CALZADO,CLOEAGATHARUIZDELAPRADA,moda,0.7
2020-10-01,CALZADO,CLOEAGATHARUIZDELAPRADA,basico,0.3
2020-10-01,CALZADO,LUCENTZZA,moda,0.7
2020-10-01,CALZADO,LUCENTZZA,basico,0.3
2020-10-01,CALZADO,CLOESPORT,moda,0.7
2020-10-01,CALZADO,CLOESPORT,basico,0.3
2020-10-01,CALZADO,CLOEUOMO,moda,0.7
2020-10-01,CALZADO,CLOEUOMO,basico,0.3
2020-10-01,CALZADO,CLOELEATHER,moda,0.7
2020-10-01,CALZADO,CLOELEATHER,basico,0.3
2020-10-01,CALZADO,CLOEGIRLS,moda,0.7
2020-10-01,CALZADO,CLOEGIRLS,basico,0.3
2020-10-01,CALZADO,CLOE,moda,0.7
2020-10-01,CALZADO,CLOE,basico,0.3
2020-10-01,CALZADO,CLOEMOM&BABY,moda,0.7
2020-10-01,CALZADO,CLOEMOM&BABY,basico,0.3
2020-11-01,CALZADO,CLOEAGATHARUIZDELAPRADA,moda,0.7
2020-11-01,CALZADO,CLOEAGATHARUIZDELAPRADA,basico,0.3
2020-11-01,CALZADO,LUCENTZZA,moda,0.7
2020-11-01,CALZADO,LUCENTZZA,basico,0.3
2020-11-01,CALZADO,CLOESPORT,moda,0.7
2020-11-01,CALZADO,CLOESPORT,basico,0.3
2020-11-01,CALZADO,CLOEUOMO,moda,0.7
2020-11-01,CALZADO,CLOEUOMO,basico,0.3
2020-11-01,CALZADO,CLOELEATHER,moda,0.7
2020-11-01,CALZADO,CLOELEATHER,basico,0.3
2020-11-01,CALZADO,CLOEGIRLS,moda,0.7
2020-11-01,CALZADO,CLOEGIRLS,basico,0.3
2020-11-01,CALZADO,CLOE,moda,0.7
2020-11-01,CALZADO,CLOE,basico,0.3
2020-11-01,CALZADO,CLOEMOM&BABY,moda,0.7
2020-11-01,CALZADO,CLOEMOM&BABY,basico,0.3
2020-12-01,CALZADO,CLOEAGATHARUIZDELAPRADA,moda,0.7
2020-12-01,CALZADO,CLOEAGATHARUIZDELAPRADA,basico,0.3
2020-12-01,CALZADO,LUCENTZZA,moda,0.7
2020-12-01,CALZADO,LUCENTZZA,basico,0.3
2020-12-01,CALZADO,CLOESPORT,moda,0.7
2020-12-01,CALZADO,CLOESPORT,basico,0.3
2020-12-01,CALZADO,CLOEUOMO,moda,0.7
2020-12-01,CALZADO,CLOEUOMO,basico,0.3
2020-12-01,CALZADO,CLOELEATHER,moda,0.7
2020-12-01,CALZADO,CLOELEATHER,basico,0.3
2020-12-01,CALZADO,CLOEGIRLS,moda,0.7
2020-12-01,CALZADO,CLOEGIRLS,basico,0.3
2020-12-01,CALZADO,CLOE,moda,0.7
2020-12-01,CALZADO,CLOE,basico,0.3
2020-12-01,CALZADO,CLOEMOM&BABY,moda,0.7
2020-12-01,CALZADO,CLOEMOM&BABY,basico,0.3
2020-1-01,BOLSO,CLOEMOM&BABY,moda,0.95
2020-1-01,BOLSO,CLOEMOM&BABY,basico,0.05
2020-2-01,BOLSO,CLOEMOM&BABY,moda,0.95
2020-2-01,BOLSO,CLOEMOM&BABY,basico,0.05
2020-3-01,BOLSO,CLOEMOM&BABY,moda,0.95
2020-3-01,BOLSO,CLOEMOM&BABY,basico,0.05
2020-4-01,BOLSO,CLOEMOM&BABY,moda,0.95
2020-4-01,BOLSO,CLOEMOM&BABY,basico,0.05
2020-5-01,BOLSO,CLOEMOM&BABY,moda,0.95
2020-5-01,BOLSO,CLOEMOM&BABY,basico,0.05
2020-6-01,BOLSO,CLOEMOM&BABY,moda,0.95
2020-6-01,BOLSO,CLOEMOM&BABY,basico,0.05
2020-7-01,BOLSO,CLOEMOM&BABY,moda,0.95
2020-7-01,BOLSO,CLOEMOM&BABY,basico,0.05
2020-8-01,BOLSO,CLOEMOM&BABY,moda,0.95
2020-8-01,BOLSO,CLOEMOM&BABY,basico,0.05
2020-9-01,BOLSO,CLOEMOM&BABY,moda,0.95
2020-9-01,BOLSO,CLOEMOM&BABY,basico,0.05
2020-10-01,BOLSO,CLOEMOM&BABY,moda,0.95
2020-10-01,BOLSO,CLOEMOM&BABY,basico,0.05
2020-11-01,BOLSO,CLOEMOM&BABY,moda,0.95
2020-11-01,BOLSO,CLOEMOM&BABY,basico,0.05
2020-12-01,BOLSO,CLOEMOM&BABY,moda,0.95
2020-12-01,BOLSO,CLOEMOM&BABY,basico,0.05
2020-1-01,ESCOLARES,CLOEAGATHARUIZDELAPRADA,moda,1.0
2020-1-01,ESCOLARES,CLOEAGATHARUIZDELAPRADA,basico,0.0
2020-1-01,ESCOLARES,LUCENTZZA,moda,1.0
2020-1-01,ESCOLARES,LUCENTZZA,basico,0.0
2020-1-01,ESCOLARES,CLOESPORT,moda,1.0
2020-1-01,ESCOLARES,CLOESPORT,basico,0.0
2020-1-01,ESCOLARES,CLOEUOMO,moda,1.0
2020-1-01,ESCOLARES,CLOEUOMO,basico,0.0
2020-1-01,ESCOLARES,CLOELEATHER,moda,1.0
2020-1-01,ESCOLARES,CLOELEATHER,basico,0.0
2020-1-01,ESCOLARES,CLOEGIRLS,moda,1.0
2020-1-01,ESCOLARES,CLOEGIRLS,basico,0.0
2020-1-01,ESCOLARES,CLOE,moda,1.0
2020-1-01,ESCOLARES,CLOE,basico,0.0
2020-1-01,ESCOLARES,CLOEMOM&BABY,moda,1.0
2020-1-01,ESCOLARES,CLOEMOM&BABY,basico,0.0
2020-2-01,ESCOLARES,CLOEAGATHARUIZDELAPRADA,moda,1.0
2020-2-01,ESCOLARES,CLOEAGATHARUIZDELAPRADA,basico,0.0
2020-2-01,ESCOLARES,LUCENTZZA,moda,1.0
2020-2-01,ESCOLARES,LUCENTZZA,basico,0.0
2020-2-01,ESCOLARES,CLOESPORT,moda,1.0
2020-2-01,ESCOLARES,CLOESPORT,basico,0.0
2020-2-01,ESCOLARES,CLOEUOMO,moda,1.0
2020-2-01,ESCOLARES,CLOEUOMO,basico,0.0
2020-2-01,ESCOLARES,CLOELEATHER,moda,1.0
2020-2-01,ESCOLARES,CLOELEATHER,basico,0.0
2020-2-01,ESCOLARES,CLOEGIRLS,moda,1.0
2020-2-01,ESCOLARES,CLOEGIRLS,basico,0.0
2020-2-01,ESCOLARES,CLOE,moda,1.0
2020-2-01,ESCOLARES,CLOE,basico,0.0
2020-2-01,ESCOLARES,CLOEMOM&BABY,moda,1.0
2020-2-01,ESCOLARES,CLOEMOM&BABY,basico,0.0
2020-3-01,ESCOLARES,CLOEAGATHARUIZDELAPRADA,moda,1.0
2020-3-01,ESCOLARES,CLOEAGATHARUIZDELAPRADA,basico,0.0
2020-3-01,ESCOLARES,LUCENTZZA,moda,1.0
2020-3-01,ESCOLARES,LUCENTZZA,basico,0.0
2020-3-01,ESCOLARES,CLOESPORT,moda,1.0
2020-3-01,ESCOLARES,CLOESPORT,basico,0.0
2020-3-01,ESCOLARES,CLOEUOMO,moda,1.0
2020-3-01,ESCOLARES,CLOEUOMO,basico,0.0
2020-3-01,ESCOLARES,CLOELEATHER,moda,1.0
2020-3-01,ESCOLARES,CLOELEATHER,basico,0.0
2020-3-01,ESCOLARES,CLOEGIRLS,moda,1.0
2020-3-01,ESCOLARES,CLOEGIRLS,basico,0.0
2020-3-01,ESCOLARES,CLOE,moda,1.0
2020-3-01,ESCOLARES,CLOE,basico,0.0
2020-3-01,ESCOLARES,CLOEMOM&BABY,moda,1.0
2020-3-01,ESCOLARES,CLOEMOM&BABY,basico,0.0
2020-4-01,ESCOLARES,CLOEAGATHARUIZDELAPRADA,moda,1.0
2020-4-01,ESCOLARES,CLOEAGATHARUIZDELAPRADA,basico,0.0
2020-4-01,ESCOLARES,LUCENTZZA,moda,1.0
2020-4-01,ESCOLARES,LUCENTZZA,basico,0.0
2020-4-01,ESCOLARES,CLOESPORT,moda,1.0
2020-4-01,ESCOLARES,CLOESPORT,basico,0.0
2020-4-01,ESCOLARES,CLOEUOMO,moda,1.0
2020-4-01,ESCOLARES,CLOEUOMO,basico,0.0
2020-4-01,ESCOLARES,CLOELEATHER,moda,1.0
2020-4-01,ESCOLARES,CLOELEATHER,basico,0.0
2020-4-01,ESCOLARES,CLOEGIRLS,moda,1.0
2020-4-01,ESCOLARES,CLOEGIRLS,basico,0.0
2020-4-01,ESCOLARES,CLOE,moda,1.0
2020-4-01,ESCOLARES,CLOE,basico,0.0
2020-4-01,ESCOLARES,CLOEMOM&BABY,moda,1.0
2020-4-01,ESCOLARES,CLOEMOM&BABY,basico,0.0
2020-5-01,ESCOLARES,CLOEAGATHARUIZDELAPRADA,moda,1.0
2020-5-01,ESCOLARES,CLOEAGATHARUIZDELAPRADA,basico,0.0
2020-5-01,ESCOLARES,LUCENTZZA,moda,1.0
2020-5-01,ESCOLARES,LUCENTZZA,basico,0.0
2020-5-01,ESCOLARES,CLOESPORT,moda,1.0
2020-5-01,ESCOLARES,CLOESPORT,basico,0.0
2020-5-01,ESCOLARES,CLOEUOMO,moda,1.0
2020-5-01,ESCOLARES,CLOEUOMO,basico,0.0
2020-5-01,ESCOLARES,CLOELEATHER,moda,1.0
2020-5-01,ESCOLARES,CLOELEATHER,basico,0.0
2020-5-01,ESCOLARES,CLOEGIRLS,moda,1.0
2020-5-01,ESCOLARES,CLOEGIRLS,basico,0.0
2020-5-01,ESCOLARES,CLOE,moda,1.0
2020-5-01,ESCOLARES,CLOE,basico,0.0
2020-5-01,ESCOLARES,CLOEMOM&BABY,moda,1.0
2020-5-01,ESCOLARES,CLOEMOM&BABY,basico,0.0
2020-6-01,ESCOLARES,CLOEAGATHARUIZDELAPRADA,moda,1.0
2020-6-01,ESCOLARES,CLOEAGATHARUIZDELAPRADA,basico,0.0
2020-6-01,ESCOLARES,LUCENTZZA,moda,1.0
2020-6-01,ESCOLARES,LUCENTZZA,basico,0.0
2020-6-01,ESCOLARES,CLOESPORT,moda,1.0
2020-6-01,ESCOLARES,CLOESPORT,basico,0.0
2020-6-01,ESCOLARES,CLOEUOMO,moda,1.0
2020-6-01,ESCOLARES,CLOEUOMO,basico,0.0
2020-6-01,ESCOLARES,CLOELEATHER,moda,1.0
2020-6-01,ESCOLARES,CLOELEATHER,basico,0.0
2020-6-01,ESCOLARES,CLOEGIRLS,moda,1.0
2020-6-01,ESCOLARES,CLOEGIRLS,basico,0.0
2020-6-01,ESCOLARES,CLOE,moda,1.0
2020-6-01,ESCOLARES,CLOE,basico,0.0
2020-6-01,ESCOLARES,CLOEMOM&BABY,moda,1.0
2020-6-01,ESCOLARES,CLOEMOM&BABY,basico,0.0
2020-7-01,ESCOLARES,CLOEAGATHARUIZDELAPRADA,moda,1.0
2020-7-01,ESCOLARES,CLOEAGATHARUIZDELAPRADA,basico,0.0
2020-7-01,ESCOLARES,LUCENTZZA,moda,1.0
2020-7-01,ESCOLARES,LUCENTZZA,basico,0.0
2020-7-01,ESCOLARES,CLOESPORT,moda,1.0
2020-7-01,ESCOLARES,CLOESPORT,basico,0.0
2020-7-01,ESCOLARES,CLOEUOMO,moda,1.0
2020-7-01,ESCOLARES,CLOEUOMO,basico,0.0
2020-7-01,ESCOLARES,CLOELEATHER,moda,1.0
2020-7-01,ESCOLARES,CLOELEATHER,basico,0.0
2020-7-01,ESCOLARES,CLOEGIRLS,moda,1.0
2020-7-01,ESCOLARES,CLOEGIRLS,basico,0.0
2020-7-01,ESCOLARES,CLOE,moda,1.0
2020-7-01,ESCOLARES,CLOE,basico,0.0
2020-7-01,ESCOLARES,CLOEMOM&BABY,moda,1.0
2020-7-01,ESCOLARES,CLOEMOM&BABY,basico,0.0
2020-8-01,ESCOLARES,CLOEAGATHARUIZDELAPRADA,moda,1.0
2020-8-01,ESCOLARES,CLOEAGATHARUIZDELAPRADA,basico,0.0
2020-8-01,ESCOLARES,LUCENTZZA,moda,1.0
2020-8-01,ESCOLARES,LUCENTZZA,basico,0.0
2020-8-01,ESCOLARES,CLOESPORT,moda,1.0
2020-8-01,ESCOLARES,CLOESPORT,basico,0.0
2020-8-01,ESCOLARES,CLOEUOMO,moda,1.0
2020-8-01,ESCOLARES,CLOEUOMO,basico,0.0
2020-8-01,ESCOLARES,CLOELEATHER,moda,1.0
2020-8-01,ESCOLARES,CLOELEATHER,basico,0.0
2020-8-01,ESCOLARES,CLOEGIRLS,moda,1.0
2020-8-01,ESCOLARES,CLOEGIRLS,basico,0.0
2020-8-01,ESCOLARES,CLOE,moda,1.0
2020-8-01,ESCOLARES,CLOE,basico,0.0
2020-8-01,ESCOLARES,CLOEMOM&BABY,moda,1.0
2020-8-01,ESCOLARES,CLOEMOM&BABY,basico,0.0
2020-9-01,ESCOLARES,CLOEAGATHARUIZDELAPRADA,moda,1.0
2020-9-01,ESCOLARES,CLOEAGATHARUIZDELAPRADA,basico,0.0
2020-9-01,ESCOLARES,LUCENTZZA,moda,1.0
2020-9-01,ESCOLARES,LUCENTZZA,basico,0.0
2020-9-01,ESCOLARES,CLOESPORT,moda,1.0
2020-9-01,ESCOLARES,CLOESPORT,basico,0.0
2020-9-01,ESCOLARES,CLOEUOMO,moda,1.0
2020-9-01,ESCOLARES,CLOEUOMO,basico,0.0
2020-9-01,ESCOLARES,CLOELEATHER,moda,1.0
2020-9-01,ESCOLARES,CLOELEATHER,basico,0.0
2020-9-01,ESCOLARES,CLOEGIRLS,moda,1.0
2020-9-01,ESCOLARES,CLOEGIRLS,basico,0.0
2020-9-01,ESCOLARES,CLOE,moda,1.0
2020-9-01,ESCOLARES,CLOE,basico,0.0
2020-9-01,ESCOLARES,CLOEMOM&BABY,moda,1.0
2020-9-01,ESCOLARES,CLOEMOM&BABY,basico,0.0
2020-10-01,ESCOLARES,CLOEAGATHARUIZDELAPRADA,moda,1.0
2020-10-01,ESCOLARES,CLOEAGATHARUIZDELAPRADA,basico,0.0
2020-10-01,ESCOLARES,LUCENTZZA,moda,1.0
2020-10-01,ESCOLARES,LUCENTZZA,basico,0.0
2020-10-01,ESCOLARES,CLOESPORT,moda,1.0
2020-10-01,ESCOLARES,CLOESPORT,basico,0.0
2020-10-01,ESCOLARES,CLOEUOMO,moda,1.0
2020-10-01,ESCOLARES,CLOEUOMO,basico,0.0
2020-10-01,ESCOLARES,CLOELEATHER,moda,1.0
2020-10-01,ESCOLARES,CLOELEATHER,basico,0.0
2020-10-01,ESCOLARES,CLOEGIRLS,moda,1.0
2020-10-01,ESCOLARES,CLOEGIRLS,basico,0.0
2020-10-01,ESCOLARES,CLOE,moda,1.0
2020-10-01,ESCOLARES,CLOE,basico,0.0
2020-10-01,ESCOLARES,CLOEMOM&BABY,moda,1.0
2020-10-01,ESCOLARES,CLOEMOM&BABY,basico,0.0
2020-11-01,ESCOLARES,CLOEAGATHARUIZDELAPRADA,moda,1.0
2020-11-01,ESCOLARES,CLOEAGATHARUIZDELAPRADA,basico,0.0
2020-11-01,ESCOLARES,LUCENTZZA,moda,1.0
2020-11-01,ESCOLARES,LUCENTZZA,basico,0.0
2020-11-01,ESCOLARES,CLOESPORT,moda,1.0
2020-11-01,ESCOLARES,CLOESPORT,basico,0.0
2020-11-01,ESCOLARES,CLOEUOMO,moda,1.0
2020-11-01,ESCOLARES,CLOEUOMO,basico,0.0
2020-11-01,ESCOLARES,CLOELEATHER,moda,1.0
2020-11-01,ESCOLARES,CLOELEATHER,basico,0.0
2020-11-01,ESCOLARES,CLOEGIRLS,moda,1.0
2020-11-01,ESCOLARES,CLOEGIRLS,basico,0.0
2020-11-01,ESCOLARES,CLOE,moda,1.0
2020-11-01,ESCOLARES,CLOE,basico,0.0
2020-11-01,ESCOLARES,CLOEMOM&BABY,moda,1.0
2020-11-01,ESCOLARES,CLOEMOM&BABY,basico,0.0
2020-12-01,ESCOLARES,CLOEAGATHARUIZDELAPRADA,moda,1.0
2020-12-01,ESCOLARES,CLOEAGATHARUIZDELAPRADA,basico,0.0
2020-12-01,ESCOLARES,LUCENTZZA,moda,1.0
2020-12-01,ESCOLARES,LUCENTZZA,basico,0.0
2020-12-01,ESCOLARES,CLOESPORT,moda,1.0
2020-12-01,ESCOLARES,CLOESPORT,basico,0.0
2020-12-01,ESCOLARES,CLOEUOMO,moda,1.0
2020-12-01,ESCOLARES,CLOEUOMO,basico,0.0
2020-12-01,ESCOLARES,CLOELEATHER,moda,1.0
2020-12-01,ESCOLARES,CLOELEATHER,basico,0.0
2020-12-01,ESCOLARES,CLOEGIRLS,moda,1.0
2020-12-01,ESCOLARES,CLOEGIRLS,basico,0.0
2020-12-01,ESCOLARES,CLOE,moda,1.0
2020-12-01,ESCOLARES,CLOE,basico,0.0
2020-12-01,ESCOLARES,CLOEMOM&BABY,moda,1.0
2020-12-01,ESCOLARES,CLOEMOM&BABY,basico,0.0
2020-1-01,ACCESORIOS,CLOEAGATHARUIZDELAPRADA,moda,1.0
2020-1-01,ACCESORIOS,CLOEAGATHARUIZDELAPRADA,basico,0.0
2020-1-01,ACCESORIOS,LUCENTZZA,moda,1.0
2020-1-01,ACCESORIOS,LUCENTZZA,basico,0.0
2020-1-01,ACCESORIOS,CLOESPORT,moda,1.0
2020-1-01,ACCESORIOS,CLOESPORT,basico,0.0
2020-1-01,ACCESORIOS,CLOEUOMO,moda,1.0
2020-1-01,ACCESORIOS,CLOEUOMO,basico,0.0
2020-1-01,ACCESORIOS,CLOELEATHER,moda,1.0
2020-1-01,ACCESORIOS,CLOELEATHER,basico,0.0
2020-1-01,ACCESORIOS,CLOEGIRLS,moda,1.0
2020-1-01,ACCESORIOS,CLOEGIRLS,basico,0.0
2020-1-01,ACCESORIOS,CLOE,moda,1.0
2020-1-01,ACCESORIOS,CLOE,basico,0.0
2020-1-01,ACCESORIOS,CLOEMOM&BABY,moda,1.0
2020-1-01,ACCESORIOS,CLOEMOM&BABY,basico,0.0
2020-2-01,ACCESORIOS,CLOEAGATHARUIZDELAPRADA,moda,1.0
2020-2-01,ACCESORIOS,CLOEAGATHARUIZDELAPRADA,basico,0.0
2020-2-01,ACCESORIOS,LUCENTZZA,moda,1.0
2020-2-01,ACCESORIOS,LUCENTZZA,basico,0.0
2020-2-01,ACCESORIOS,CLOESPORT,moda,1.0
2020-2-01,ACCESORIOS,CLOESPORT,basico,0.0
2020-2-01,ACCESORIOS,CLOEUOMO,moda,1.0
2020-2-01,ACCESORIOS,CLOEUOMO,basico,0.0
2020-2-01,ACCESORIOS,CLOELEATHER,moda,1.0
2020-2-01,ACCESORIOS,CLOELEATHER,basico,0.0
2020-2-01,ACCESORIOS,CLOEGIRLS,moda,1.0
2020-2-01,ACCESORIOS,CLOEGIRLS,basico,0.0
2020-2-01,ACCESORIOS,CLOE,moda,1.0
2020-2-01,ACCESORIOS,CLOE,basico,0.0
2020-2-01,ACCESORIOS,CLOEMOM&BABY,moda,1.0
2020-2-01,ACCESORIOS,CLOEMOM&BABY,basico,0.0
2020-3-01,ACCESORIOS,CLOEAGATHARUIZDELAPRADA,moda,1.0
2020-3-01,ACCESORIOS,CLOEAGATHARUIZDELAPRADA,basico,0.0
2020-3-01,ACCESORIOS,LUCENTZZA,moda,1.0
2020-3-01,ACCESORIOS,LUCENTZZA,basico,0.0
2020-3-01,ACCESORIOS,CLOESPORT,moda,1.0
2020-3-01,ACCESORIOS,CLOESPORT,basico,0.0
2020-3-01,ACCESORIOS,CLOEUOMO,moda,1.0
2020-3-01,ACCESORIOS,CLOEUOMO,basico,0.0
2020-3-01,ACCESORIOS,CLOELEATHER,moda,1.0
2020-3-01,ACCESORIOS,CLOELEATHER,basico,0.0
2020-3-01,ACCESORIOS,CLOEGIRLS,moda,1.0
2020-3-01,ACCESORIOS,CLOEGIRLS,basico,0.0
2020-3-01,ACCESORIOS,CLOE,moda,1.0
2020-3-01,ACCESORIOS,CLOE,basico,0.0
2020-3-01,ACCESORIOS,CLOEMOM&BABY,moda,1.0
2020-3-01,ACCESORIOS,CLOEMOM&BABY,basico,0.0
2020-4-01,ACCESORIOS,CLOEAGATHARUIZDELAPRADA,moda,1.0
2020-4-01,ACCESORIOS,CLOEAGATHARUIZDELAPRADA,basico,0.0
2020-4-01,ACCESORIOS,LUCENTZZA,moda,1.0
2020-4-01,ACCESORIOS,LUCENTZZA,basico,0.0
2020-4-01,ACCESORIOS,CLOESPORT,moda,1.0
2020-4-01,ACCESORIOS,CLOESPORT,basico,0.0
2020-4-01,ACCESORIOS,CLOEUOMO,moda,1.0
2020-4-01,ACCESORIOS,CLOEUOMO,basico,0.0
2020-4-01,ACCESORIOS,CLOELEATHER,moda,1.0
2020-4-01,ACCESORIOS,CLOELEATHER,basico,0.0
2020-4-01,ACCESORIOS,CLOEGIRLS,moda,1.0
2020-4-01,ACCESORIOS,CLOEGIRLS,basico,0.0
2020-4-01,ACCESORIOS,CLOE,moda,1.0
2020-4-01,ACCESORIOS,CLOE,basico,0.0
2020-4-01,ACCESORIOS,CLOEMOM&BABY,moda,1.0
2020-4-01,ACCESORIOS,CLOEMOM&BABY,basico,0.0
2020-5-01,ACCESORIOS,CLOEAGATHARUIZDELAPRADA,moda,1.0
2020-5-01,ACCESORIOS,CLOEAGATHARUIZDELAPRADA,basico,0.0
2020-5-01,ACCESORIOS,LUCENTZZA,moda,1.0
2020-5-01,ACCESORIOS,LUCENTZZA,basico,0.0
2020-5-01,ACCESORIOS,CLOESPORT,moda,1.0
2020-5-01,ACCESORIOS,CLOESPORT,basico,0.0
2020-5-01,ACCESORIOS,CLOEUOMO,moda,1.0
2020-5-01,ACCESORIOS,CLOEUOMO,basico,0.0
2020-5-01,ACCESORIOS,CLOELEATHER,moda,1.0
2020-5-01,ACCESORIOS,CLOELEATHER,basico,0.0
2020-5-01,ACCESORIOS,CLOEGIRLS,moda,1.0
2020-5-01,ACCESORIOS,CLOEGIRLS,basico,0.0
2020-5-01,ACCESORIOS,CLOE,moda,1.0
2020-5-01,ACCESORIOS,CLOE,basico,0.0
2020-5-01,ACCESORIOS,CLOEMOM&BABY,moda,1.0
2020-5-01,ACCESORIOS,CLOEMOM&BABY,basico,0.0
2020-6-01,ACCESORIOS,CLOEAGATHARUIZDELAPRADA,moda,1.0
2020-6-01,ACCESORIOS,CLOEAGATHARUIZDELAPRADA,basico,0.0
2020-6-01,ACCESORIOS,LUCENTZZA,moda,1.0
2020-6-01,ACCESORIOS,LUCENTZZA,basico,0.0
2020-6-01,ACCESORIOS,CLOESPORT,moda,1.0
2020-6-01,ACCESORIOS,CLOESPORT,basico,0.0
2020-6-01,ACCESORIOS,CLOEUOMO,moda,1.0
2020-6-01,ACCESORIOS,CLOEUOMO,basico,0.0
2020-6-01,ACCESORIOS,CLOELEATHER,moda,1.0
2020-6-01,ACCESORIOS,CLOELEATHER,basico,0.0
2020-6-01,ACCESORIOS,CLOEGIRLS,moda,1.0
2020-6-01,ACCESORIOS,CLOEGIRLS,basico,0.0
2020-6-01,ACCESORIOS,CLOE,moda,1.0
2020-6-01,ACCESORIOS,CLOE,basico,0.0
2020-6-01,ACCESORIOS,CLOEMOM&BABY,moda,1.0
2020-6-01,ACCESORIOS,CLOEMOM&BABY,basico,0.0
2020-7-01,ACCESORIOS,CLOEAGATHARUIZDELAPRADA,moda,1.0
2020-7-01,ACCESORIOS,CLOEAGATHARUIZDELAPRADA,basico,0.0
2020-7-01,ACCESORIOS,LUCENTZZA,moda,1.0
2020-7-01,ACCESORIOS,LUCENTZZA,basico,0.0
2020-7-01,ACCESORIOS,CLOESPORT,moda,1.0
2020-7-01,ACCESORIOS,CLOESPORT,basico,0.0
2020-7-01,ACCESORIOS,CLOEUOMO,moda,1.0
2020-7-01,ACCESORIOS,CLOEUOMO,basico,0.0
2020-7-01,ACCESORIOS,CLOELEATHER,moda,1.0
2020-7-01,ACCESORIOS,CLOELEATHER,basico,0.0
2020-7-01,ACCESORIOS,CLOEGIRLS,moda,1.0
2020-7-01,ACCESORIOS,CLOEGIRLS,basico,0.0
2020-7-01,ACCESORIOS,CLOE,moda,1.0
2020-7-01,ACCESORIOS,CLOE,basico,0.0
2020-7-01,ACCESORIOS,CLOEMOM&BABY,moda,1.0
2020-7-01,ACCESORIOS,CLOEMOM&BABY,basico,0.0
2020-8-01,ACCESORIOS,CLOEAGATHARUIZDELAPRADA,moda,1.0
2020-8-01,ACCESORIOS,CLOEAGATHARUIZDELAPRADA,basico,0.0
2020-8-01,ACCESORIOS,LUCENTZZA,moda,1.0
2020-8-01,ACCESORIOS,LUCENTZZA,basico,0.0
2020-8-01,ACCESORIOS,CLOESPORT,moda,1.0
2020-8-01,ACCESORIOS,CLOESPORT,basico,0.0
2020-8-01,ACCESORIOS,CLOEUOMO,moda,1.0
2020-8-01,ACCESORIOS,CLOEUOMO,basico,0.0
2020-8-01,ACCESORIOS,CLOELEATHER,moda,1.0
2020-8-01,ACCESORIOS,CLOELEATHER,basico,0.0
2020-8-01,ACCESORIOS,CLOEGIRLS,moda,1.0
2020-8-01,ACCESORIOS,CLOEGIRLS,basico,0.0
2020-8-01,ACCESORIOS,CLOE,moda,1.0
2020-8-01,ACCESORIOS,CLOE,basico,0.0
2020-8-01,ACCESORIOS,CLOEMOM&BABY,moda,1.0
2020-8-01,ACCESORIOS,CLOEMOM&BABY,basico,0.0
2020-9-01,ACCESORIOS,CLOEAGATHARUIZDELAPRADA,moda,1.0
2020-9-01,ACCESORIOS,CLOEAGATHARUIZDELAPRADA,basico,0.0
2020-9-01,ACCESORIOS,LUCENTZZA,moda,1.0
2020-9-01,ACCESORIOS,LUCENTZZA,basico,0.0
2020-9-01,ACCESORIOS,CLOESPORT,moda,1.0
2020-9-01,ACCESORIOS,CLOESPORT,basico,0.0
2020-9-01,ACCESORIOS,CLOEUOMO,moda,1.0
2020-9-01,ACCESORIOS,CLOEUOMO,basico,0.0
2020-9-01,ACCESORIOS,CLOELEATHER,moda,1.0
2020-9-01,ACCESORIOS,CLOELEATHER,basico,0.0
2020-9-01,ACCESORIOS,CLOEGIRLS,moda,1.0
2020-9-01,ACCESORIOS,CLOEGIRLS,basico,0.0
2020-9-01,ACCESORIOS,CLOE,moda,1.0
2020-9-01,ACCESORIOS,CLOE,basico,0.0
2020-9-01,ACCESORIOS,CLOEMOM&BABY,moda,1.0
2020-9-01,ACCESORIOS,CLOEMOM&BABY,basico,0.0
2020-10-01,ACCESORIOS,CLOEAGATHARUIZDELAPRADA,moda,1.0
2020-10-01,ACCESORIOS,CLOEAGATHARUIZDELAPRADA,basico,0.0
2020-10-01,ACCESORIOS,LUCENTZZA,moda,1.0
2020-10-01,ACCESORIOS,LUCENTZZA,basico,0.0
2020-10-01,ACCESORIOS,CLOESPORT,moda,1.0
2020-10-01,ACCESORIOS,CLOESPORT,basico,0.0
2020-10-01,ACCESORIOS,CLOEUOMO,moda,1.0
2020-10-01,ACCESORIOS,CLOEUOMO,basico,0.0
2020-10-01,ACCESORIOS,CLOELEATHER,moda,1.0
2020-10-01,ACCESORIOS,CLOELEATHER,basico,0.0
2020-10-01,ACCESORIOS,CLOEGIRLS,moda,1.0
2020-10-01,ACCESORIOS,CLOEGIRLS,basico,0.0
2020-10-01,ACCESORIOS,CLOE,moda,1.0
2020-10-01,ACCESORIOS,CLOE,basico,0.0
2020-10-01,ACCESORIOS,CLOEMOM&BABY,moda,1.0
2020-10-01,ACCESORIOS,CLOEMOM&BABY,basico,0.0
2020-11-01,ACCESORIOS,CLOEAGATHARUIZDELAPRADA,moda,1.0
2020-11-01,ACCESORIOS,CLOEAGATHARUIZDELAPRADA,basico,0.0
2020-11-01,ACCESORIOS,LUCENTZZA,moda,1.0
2020-11-01,ACCESORIOS,LUCENTZZA,basico,0.0
2020-11-01,ACCESORIOS,CLOESPORT,moda,1.0
2020-11-01,ACCESORIOS,CLOESPORT,basico,0.0
2020-11-01,ACCESORIOS,CLOEUOMO,moda,1.0
2020-11-01,ACCESORIOS,CLOEUOMO,basico,0.0
2020-11-01,ACCESORIOS,CLOELEATHER,moda,1.0
2020-11-01,ACCESORIOS,CLOELEATHER,basico,0.0
2020-11-01,ACCESORIOS,CLOEGIRLS,moda,1.0
2020-11-01,ACCESORIOS,CLOEGIRLS,basico,0.0
2020-11-01,ACCESORIOS,CLOE,moda,1.0
2020-11-01,ACCESORIOS,CLOE,basico,0.0
2020-11-01,ACCESORIOS,CLOEMOM&BABY,moda,1.0
2020-11-01,ACCESORIOS,CLOEMOM&BABY,basico,0.0
2020-12-01,ACCESORIOS,CLOEAGATHARUIZDELAPRADA,moda,1.0
2020-12-01,ACCESORIOS,CLOEAGATHARUIZDELAPRADA,basico,0.0
2020-12-01,ACCESORIOS,LUCENTZZA,moda,1.0
2020-12-01,ACCESORIOS,LUCENTZZA,basico,0.0
2020-12-01,ACCESORIOS,CLOESPORT,moda,1.0
2020-12-01,ACCESORIOS,CLOESPORT,basico,0.0
2020-12-01,ACCESORIOS,CLOEUOMO,moda,1.0
2020-12-01,ACCESORIOS,CLOEUOMO,basico,0.0
2020-12-01,ACCESORIOS,CLOELEATHER,moda,1.0
2020-12-01,ACCESORIOS,CLOELEATHER,basico,0.0
2020-12-01,ACCESORIOS,CLOEGIRLS,moda,1.0
2020-12-01,ACCESORIOS,CLOEGIRLS,basico,0.0
2020-12-01,ACCESORIOS,CLOE,moda,1.0
2020-12-01,ACCESORIOS,CLOE,basico,0.0
2020-12-01,ACCESORIOS,CLOEMOM&BABY,moda,1.0
2020-12-01,ACCESORIOS,CLOEMOM&BABY,basico,0.0
2020-1-01,BOLSO,CLOEGIRLS,moda,1.0
2020-1-01,BOLSO,CLOEGIRLS,basico,0.0
2020-2-01,BOLSO,CLOEGIRLS,moda,1.0
2020-2-01,BOLSO,CLOEGIRLS,basico,0.0
2020-3-01,BOLSO,CLOEGIRLS,moda,1.0
2020-3-01,BOLSO,CLOEGIRLS,basico,0.0
2020-4-01,BOLSO,CLOEGIRLS,moda,1.0
2020-4-01,BOLSO,CLOEGIRLS,basico,0.0
2020-5-01,BOLSO,CLOEGIRLS,moda,1.0
2020-5-01,BOLSO,CLOEGIRLS,basico,0.0
2020-6-01,BOLSO,CLOEGIRLS,moda,1.0
2020-6-01,BOLSO,CLOEGIRLS,basico,0.0
2020-7-01,BOLSO,CLOEGIRLS,moda,1.0
2020-7-01,BOLSO,CLOEGIRLS,basico,0.0
2020-8-01,BOLSO,CLOEGIRLS,moda,1.0
2020-8-01,BOLSO,CLOEGIRLS,basico,0.0
2020-9-01,BOLSO,CLOEGIRLS,moda,1.0
2020-9-01,BOLSO,CLOEGIRLS,basico,0.0
2020-10-01,BOLSO,CLOEGIRLS,moda,1.0
2020-10-01,BOLSO,CLOEGIRLS,basico,0.0
2020-11-01,BOLSO,CLOEGIRLS,moda,1.0
2020-11-01,BOLSO,CLOEGIRLS,basico,0.0
2020-12-01,BOLSO,CLOEGIRLS,moda,1.0
2020-12-01,BOLSO,CLOEGIRLS,basico,0.0
2020-1-01,BOLSO,LUCENTZZA,moda,1.0
2020-1-01,BOLSO,LUCENTZZA,basico,0.0
2020-2-01,BOLSO,LUCENTZZA,moda,1.0
2020-2-01,BOLSO,LUCENTZZA,basico,0.0
2020-3-01,BOLSO,LUCENTZZA,moda,1.0
2020-3-01,BOLSO,LUCENTZZA,basico,0.0
2020-4-01,BOLSO,LUCENTZZA,moda,1.0
2020-4-01,BOLSO,LUCENTZZA,basico,0.0
2020-5-01,BOLSO,LUCENTZZA,moda,1.0
2020-5-01,BOLSO,LUCENTZZA,basico,0.0
2020-6-01,BOLSO,LUCENTZZA,moda,1.0
2020-6-01,BOLSO,LUCENTZZA,basico,0.0
2020-7-01,BOLSO,LUCENTZZA,moda,1.0
2020-7-01,BOLSO,LUCENTZZA,basico,0.0
2020-8-01,BOLSO,LUCENTZZA,moda,1.0
2020-8-01,BOLSO,LUCENTZZA,basico,0.0
2020-9-01,BOLSO,LUCENTZZA,moda,1.0
2020-9-01,BOLSO,LUCENTZZA,basico,0.0
2020-10-01,BOLSO,LUCENTZZA,moda,1.0
2020-10-01,BOLSO,LUCENTZZA,basico,0.0
2020-11-01,BOLSO,LUCENTZZA,moda,1.0
2020-11-01,BOLSO,LUCENTZZA,basico,0.0
2020-12-01,BOLSO,LUCENTZZA,moda,1.0
2020-12-01,BOLSO,LUCENTZZA,basico,0.0
2020-1-01,BILLETERA,LUCENTZZA,moda,1.0
2020-1-01,BILLETERA,LUCENTZZA,basico,0.0
2020-2-01,BILLETERA,LUCENTZZA,moda,1.0
2020-2-01,BILLETERA,LUCENTZZA,basico,0.0
2020-3-01,BILLETERA,LUCENTZZA,moda,1.0
2020-3-01,BILLETERA,LUCENTZZA,basico,0.0
2020-4-01,BILLETERA,LUCENTZZA,moda,1.0
2020-4-01,BILLETERA,LUCENTZZA,basico,0.0
2020-5-01,BILLETERA,LUCENTZZA,moda,1.0
2020-5-01,BILLETERA,LUCENTZZA,basico,0.0
2020-6-01,BILLETERA,LUCENTZZA,moda,1.0
2020-6-01,BILLETERA,LUCENTZZA,basico,0.0
2020-7-01,BILLETERA,LUCENTZZA,moda,1.0
2020-7-01,BILLETERA,LUCENTZZA,basico,0.0
2020-8-01,BILLETERA,LUCENTZZA,moda,1.0
2020-8-01,BILLETERA,LUCENTZZA,basico,0.0
2020-9-01,BILLETERA,LUCENTZZA,moda,1.0
2020-9-01,BILLETERA,LUCENTZZA,basico,0.0
2020-10-01,BILLETERA,LUCENTZZA,moda,1.0
2020-10-01,BILLETERA,LUCENTZZA,basico,0.0
2020-11-01,BILLETERA,LUCENTZZA,moda,1.0
2020-11-01,BILLETERA,LUCENTZZA,basico,0.0
2020-12-01,BILLETERA,LUCENTZZA,moda,1.0
2020-12-01,BILLETERA,LUCENTZZA,basico,0.0
